<tz>

<!-- @(#)africa	7.34 -->

<!-- This data is by no means authoritative; if you think you know better, -->
<!-- go ahead and edit the file (and please send any changes to -->
<!-- tz@elsie.nci.nih.gov for general use in the future). -->

<!-- From Paul Eggert <eggert@twinsun.com> (1999-03-22): -->

<!-- A good source for time zone historical data outside the U.S. is -->
<!-- Thomas G. Shanks, The International Atlas (5th edition), -->
<!-- San Diego: ACS Publications, Inc. (1999). -->

<!-- Gwillim Law <Gwil_Law@bridge-point.com> writes that a good source -->
<!-- for recent time zone data is the International Air Transport -->
<!-- Association's Standard Schedules Information Manual (IATA SSIM), -->
<!-- published semiannually.  Law sent in several helpful summaries -->
<!-- of the IATA's data after 1990. -->

<!-- Except where otherwise noted, Shanks is the source for entries through 1990, -->
<!-- and IATA SSIM is the source for entries after 1990. -->

<!-- Another source occasionally used is Edward W. Whitman, World Time Differences, -->
<!-- Whitman Publishing Co, 2 Niagara Av, Ealing, London (undated), which -->
<!-- I found in the UCLA library. -->

<!-- A reliable and entertaining source about time zones is -->
<!-- Derek Howse, Greenwich time and longitude, Philip Wilson Publishers (1997). -->

<!-- Previous editions of this database used WAT, CAT, SAT, and EAT -->
<!-- for +0:00 through +3:00, respectively, -->
<!-- but Mark R V Murray <markm@grondar.za> reports that -->
<!-- `SAST' is the official abbreviation for +2:00 in the country of South Africa, -->
<!-- `CAT' is commonly used for +2:00 in countries north of South Africa, and -->
<!-- `WAT' is probably the best name for +1:00, as the common phrase for -->
<!-- the area that includes Nigeria is ``West Africa''. -->
<!-- He has heard of ``Western Sahara Time'' for +0:00 but can find no reference. -->

<!-- To make things confusing, `WAT' seems to have been used for -1:00 long ago; -->
<!-- I'd guess that this was because people needed _some_ name for -1:00, -->
<!-- and at the time, far west Africa was the only major land area in -1:00. -->
<!-- This usage is now obsolete, as the last use of -1:00 on the African -->
<!-- mainland seems to have been 1976 in Western Sahara. -->

<!-- To summarize, the following abbreviations seem to have some currency: -->
<!-- -1:00	WAT	West Africa Time (no longer used) -->
<!-- 0:00	GMT	Greenwich Mean Time -->
<!-- 2:00	CAT	Central Africa Time -->
<!-- 2:00	SAST	South Africa Standard Time -->
<!-- and Murray suggests the following abbreviation: -->
<!-- 1:00	WAT	West Africa Time -->
<!-- I realize that this leads to `WAT' being used for both -1:00 and 1:00 -->
<!-- for times before 1976, but this is the best I can think of -->
<!-- until we get more information. -->

<!-- I invented the following abbreviations; corrections are welcome! -->
<!-- 2:00	WAST	West Africa Summer Time -->
<!-- 2:30	BEAT	British East Africa Time (no longer used) -->
<!-- 2:45	BEAUT	British East Africa Unified Time (no longer used) -->
<!-- 3:00	CAST	Central Africa Summer Time (no longer used) -->
<!-- 3:00	SAST	South Africa Summer Time (no longer used) -->
<!-- 3:00	EAT	East Africa Time -->
<!-- 4:00	EAST	East Africa Summer Time (no longer used) -->

<!-- Algeria -->
<!-- Rule	NAME	FROM	TO	TYPE	IN	ON	AT	SAVE	LETTER/S -->
	<rule name='Algeria' loyear='1916' hiyear='only' month='Jun' day='14' tod='23:00s' stdoff='1:00' abbrvar='S'/>
	<rule name='Algeria' loyear='1916' hiyear='1919' month='Oct' day='Sun&lt;=7' tod='23:00s' stdoff='0'/>
	<rule name='Algeria' loyear='1917' hiyear='only' month='Mar' day='24' tod='23:00s' stdoff='1:00' abbrvar='S'/>
	<rule name='Algeria' loyear='1918' hiyear='only' month='Mar' day='9' tod='23:00s' stdoff='1:00' abbrvar='S'/>
	<rule name='Algeria' loyear='1919' hiyear='only' month='Mar' day='1' tod='23:00s' stdoff='1:00' abbrvar='S'/>
	<rule name='Algeria' loyear='1920' hiyear='only' month='Feb' day='14' tod='23:00s' stdoff='1:00' abbrvar='S'/>
	<rule name='Algeria' loyear='1920' hiyear='only' month='Oct' day='23' tod='23:00s' stdoff='0'/>
	<rule name='Algeria' loyear='1921' hiyear='only' month='Mar' day='14' tod='23:00s' stdoff='1:00' abbrvar='S'/>
	<rule name='Algeria' loyear='1921' hiyear='only' month='Jun' day='21' tod='23:00s' stdoff='0'/>
	<rule name='Algeria' loyear='1939' hiyear='only' month='Sep' day='11' tod='23:00s' stdoff='1:00' abbrvar='S'/>
	<rule name='Algeria' loyear='1939' hiyear='only' month='Nov' day='19' tod='1:00' stdoff='0'/>
	<rule name='Algeria' loyear='1944' hiyear='1945' month='Apr' day='Mon&lt;=7' tod='2:00' stdoff='1:00' abbrvar='S'/>
	<rule name='Algeria' loyear='1944' hiyear='only' month='Oct' day='8' tod='2:00' stdoff='0'/>
	<rule name='Algeria' loyear='1945' hiyear='only' month='Sep' day='16' tod='1:00' stdoff='0'/>
	<rule name='Algeria' loyear='1971' hiyear='only' month='Apr' day='25' tod='23:00s' stdoff='1:00' abbrvar='S'/>
	<rule name='Algeria' loyear='1971' hiyear='only' month='Sep' day='26' tod='23:00s' stdoff='0'/>
	<rule name='Algeria' loyear='1977' hiyear='only' month='May' day='6' tod='0:00' stdoff='1:00' abbrvar='S'/>
	<rule name='Algeria' loyear='1977' hiyear='only' month='Oct' day='21' tod='0:00' stdoff='0'/>
	<rule name='Algeria' loyear='1978' hiyear='only' month='Mar' day='24' tod='1:00' stdoff='1:00' abbrvar='S'/>
	<rule name='Algeria' loyear='1978' hiyear='only' month='Sep' day='22' tod='3:00' stdoff='0'/>
	<rule name='Algeria' loyear='1980' hiyear='only' month='Apr' day='25' tod='0:00' stdoff='1:00' abbrvar='S'/>
	<rule name='Algeria' loyear='1980' hiyear='only' month='Oct' day='31' tod='2:00' stdoff='0'/>
<!-- Shanks gives 0:09 for Paris Mean Time; go with Howse's more precise 0:09:21. -->
<!-- Zone	NAME		GMTOFF	RULES	FORMAT	[UNTIL] -->
	<zone name='Africa/Algiers' gmtoff='0:12:12' format='LMT' tilyear='1891' tilmonth='Mar' tilday='15' tiltime='0:01'>
		<!-- Paris Mean Time -->
		<zcont gmtoff='0:09:21' format='PMT' tilyear='1911' tilmonth='Mar' tilday='11'/>
		<zcont gmtoff='0:00' rule='Algeria' format='WE%sT' tilyear='1940' tilmonth='Feb' tilday='25' tiltime='2:00'/>
		<zcont gmtoff='1:00' rule='Algeria' format='CE%sT' tilyear='1946' tilmonth='Oct' tilday='7'/>
		<zcont gmtoff='0:00' format='WET' tilyear='1956' tilmonth='Jan' tilday='29'/>
		<zcont gmtoff='1:00' format='CET' tilyear='1963' tilmonth='Apr' tilday='14'/>
		<zcont gmtoff='0:00' rule='Algeria' format='WE%sT' tilyear='1977' tilmonth='Oct' tilday='21'/>
		<zcont gmtoff='1:00' rule='Algeria' format='CE%sT' tilyear='1979' tilmonth='Oct' tilday='26'/>
		<zcont gmtoff='0:00' rule='Algeria' format='WE%sT' tilyear='1981' tilmonth='May'/>
		<zcont gmtoff='1:00' format='CET'/>
	</zone>

<!-- Angola -->
<!-- Zone	NAME		GMTOFF	RULES	FORMAT	[UNTIL] -->
	<zone name='Africa/Luanda' gmtoff='0:52:56' format='LMT' tilyear='1892'>
		<!-- Luanda Mean Time? -->
		<zcont gmtoff='0:52:04' format='LMT' tilyear='1911' tilmonth='May' tilday='26'/>
		<zcont gmtoff='1:00' format='WAT'/>
	</zone>

<!-- Benin -->
<!-- Whitman says they switched to 1:00 in 1946, not 1934; go with Shanks. -->
<!-- Zone	NAME		GMTOFF	RULES	FORMAT	[UNTIL] -->
	<zone name='Africa/Porto-Novo' gmtoff='0:10:28' format='LMT' tilyear='1912'>
		<zcont gmtoff='0:00' format='GMT' tilyear='1934' tilmonth='Feb' tilday='26'/>
		<zcont gmtoff='1:00' format='WAT'/>
	</zone>

<!-- Botswana -->
<!-- Zone	NAME		GMTOFF	RULES	FORMAT	[UNTIL] -->
	<zone name='Africa/Gaborone' gmtoff='1:43:40' format='LMT' tilyear='1885'>
		<zcont gmtoff='2:00' format='CAT' tilyear='1943' tilmonth='Sep' tilday='19' tiltime='2:00'/>
		<zcont gmtoff='2:00' rule='1:00' format='CAST' tilyear='1944' tilmonth='Mar' tilday='19' tiltime='2:00'/>
		<zcont gmtoff='2:00' format='CAT'/>
	</zone>

<!-- Burkina Faso -->
<!-- Zone	NAME		GMTOFF	RULES	FORMAT	[UNTIL] -->
	<zone name='Africa/Ouagadougou' gmtoff='-0:06:04' format='LMT' tilyear='1912'>
		<zcont gmtoff='0:00' format='GMT'/>
	</zone>

<!-- Burundi -->
<!-- Zone	NAME		GMTOFF	RULES	FORMAT	[UNTIL] -->
	<zone name='Africa/Bujumbura' gmtoff='1:57:28' format='LMT' tilyear='1890'>
		<zcont gmtoff='2:00' format='CAT'/>
	</zone>

<!-- Cameroon -->
<!-- Whitman says they switched to 1:00 in 1920; go with Shanks. -->
<!-- Zone	NAME		GMTOFF	RULES	FORMAT	[UNTIL] -->
	<zone name='Africa/Douala' gmtoff='0:38:48' format='LMT' tilyear='1912'>
		<zcont gmtoff='1:00' format='WAT'/>
	</zone>

<!-- Cape Verde -->
<!-- Zone	NAME		GMTOFF	RULES	FORMAT	[UNTIL] -->
	<!-- Praia -->
	<zone name='Atlantic/Cape_Verde' gmtoff='-1:34:04' format='LMT' tilyear='1907'>
		<zcont gmtoff='-2:00' format='CVT' tilyear='1942' tilmonth='Sep'/>
		<zcont gmtoff='-2:00' rule='1:00' format='CVST' tilyear='1945' tilmonth='Oct' tilday='15'/>
		<zcont gmtoff='-2:00' format='CVT' tilyear='1975' tilmonth='Nov' tilday='25' tiltime='2:00'/>
		<zcont gmtoff='-1:00' format='CVT'/>
	</zone>

<!-- Central African Republic -->
<!-- Zone	NAME		GMTOFF	RULES	FORMAT	[UNTIL] -->
	<zone name='Africa/Bangui' gmtoff='1:14:20' format='LMT' tilyear='1912'>
		<zcont gmtoff='1:00' format='WAT'/>
	</zone>

<!-- Chad -->
<!-- Zone	NAME		GMTOFF	RULES	FORMAT	[UNTIL] -->
	<zone name='Africa/Ndjamena' gmtoff='1:00:12' format='LMT' tilyear='1912'>
		<zcont gmtoff='1:00' format='WAT' tilyear='1979' tilmonth='Oct' tilday='14'/>
		<zcont gmtoff='1:00' rule='1:00' format='WAST' tilyear='1980' tilmonth='Mar' tilday='8'/>
		<zcont gmtoff='1:00' format='WAT'/>
	</zone>

<!-- Comoros -->
<!-- Zone	NAME		GMTOFF	RULES	FORMAT	[UNTIL] -->
	<!-- Moroni, Gran Comoro -->
	<zone name='Indian/Comoro' gmtoff='2:53:04' format='LMT' tilyear='1911' tilmonth='Jul'>
		<zcont gmtoff='3:00' format='EAT'/>
	</zone>

<!-- Democratic Republic of Congo -->
<!-- Zone	NAME		GMTOFF	RULES	FORMAT	[UNTIL] -->
	<zone name='Africa/Kinshasa' gmtoff='1:01:12' format='LMT' tilyear='1897' tilmonth='Nov' tilday='9'>
		<zcont gmtoff='1:00' format='WAT'/>
	</zone>
	<zone name='Africa/Lubumbashi' gmtoff='1:49:52' format='LMT' tilyear='1897' tilmonth='Nov' tilday='9'>
		<zcont gmtoff='2:00' format='CAT'/>
	</zone>

<!-- Republic of the Congo -->
<!-- Zone	NAME		GMTOFF	RULES	FORMAT	[UNTIL] -->
	<zone name='Africa/Brazzaville' gmtoff='1:01:08' format='LMT' tilyear='1912'>
		<zcont gmtoff='1:00' format='WAT'/>
	</zone>

<!-- Cote D'Ivoire -->
<!-- Zone	NAME		GMTOFF	RULES	FORMAT	[UNTIL] -->
	<zone name='Africa/Abidjan' gmtoff='-0:16:08' format='LMT' tilyear='1912'>
		<zcont gmtoff='0:00' format='GMT'/>
	</zone>

<!-- Djibouti -->
<!-- Zone	NAME		GMTOFF	RULES	FORMAT	[UNTIL] -->
	<zone name='Africa/Djibouti' gmtoff='2:52:36' format='LMT' tilyear='1911' tilmonth='Jul'>
		<zcont gmtoff='3:00' format='EAT'/>
	</zone>



<!-- Egypt -->

<!-- Rule	NAME	FROM	TO	TYPE	IN	ON	AT	SAVE	LETTER/S -->
	<rule name='Egypt' loyear='1940' hiyear='only' month='Jul' day='15' tod='0:00' stdoff='1:00' abbrvar='S'/>
	<rule name='Egypt' loyear='1940' hiyear='only' month='Oct' day='1' tod='0:00' stdoff='0'/>
	<rule name='Egypt' loyear='1941' hiyear='only' month='Apr' day='15' tod='0:00' stdoff='1:00' abbrvar='S'/>
	<rule name='Egypt' loyear='1941' hiyear='only' month='Sep' day='16' tod='0:00' stdoff='0'/>
	<rule name='Egypt' loyear='1942' hiyear='1944' month='Apr' day='1' tod='0:00' stdoff='1:00' abbrvar='S'/>
	<rule name='Egypt' loyear='1942' hiyear='only' month='Oct' day='27' tod='0:00' stdoff='0'/>
	<rule name='Egypt' loyear='1943' hiyear='1945' month='Nov' day='1' tod='0:00' stdoff='0'/>
	<rule name='Egypt' loyear='1945' hiyear='only' month='Apr' day='16' tod='0:00' stdoff='1:00' abbrvar='S'/>
	<rule name='Egypt' loyear='1957' hiyear='only' month='May' day='10' tod='0:00' stdoff='1:00' abbrvar='S'/>
	<rule name='Egypt' loyear='1957' hiyear='1958' month='Oct' day='1' tod='0:00' stdoff='0'/>
	<rule name='Egypt' loyear='1958' hiyear='only' month='May' day='1' tod='0:00' stdoff='1:00' abbrvar='S'/>
	<rule name='Egypt' loyear='1959' hiyear='1981' month='May' day='1' tod='1:00' stdoff='1:00' abbrvar='S'/>
	<rule name='Egypt' loyear='1959' hiyear='1965' month='Sep' day='30' tod='3:00' stdoff='0'/>
	<rule name='Egypt' loyear='1966' hiyear='1994' month='Oct' day='1' tod='3:00' stdoff='0'/>
	<rule name='Egypt' loyear='1982' hiyear='only' month='Jul' day='25' tod='1:00' stdoff='1:00' abbrvar='S'/>
	<rule name='Egypt' loyear='1983' hiyear='only' month='Jul' day='12' tod='1:00' stdoff='1:00' abbrvar='S'/>
	<rule name='Egypt' loyear='1984' hiyear='1988' month='May' day='1' tod='1:00' stdoff='1:00' abbrvar='S'/>
	<rule name='Egypt' loyear='1989' hiyear='only' month='May' day='6' tod='1:00' stdoff='1:00' abbrvar='S'/>
	<rule name='Egypt' loyear='1990' hiyear='1994' month='May' day='1' tod='1:00' stdoff='1:00' abbrvar='S'/>
<!-- IATA (after 1990) says transitions are at 0:00. -->
<!-- Go with IATA starting in 1995, except correct 1995 entry from 09-30 to 09-29. -->
	<rule name='Egypt' loyear='1995' hiyear='max' month='Apr' day='lastFri' tod='0:00s' stdoff='1:00' abbrvar='S'/>
	<rule name='Egypt' loyear='1995' hiyear='max' month='Sep' day='lastThu' tod='23:00s' stdoff='0'/>

<!-- Zone	NAME		GMTOFF	RULES	FORMAT	[UNTIL] -->
	<zone name='Africa/Cairo' gmtoff='2:05:00' format='LMT' tilyear='1900' tilmonth='Oct'>
		<zcont gmtoff='2:00' rule='Egypt' format='EE%sT'/>
	</zone>

<!-- Equatorial Guinea -->
<!-- Zone	NAME		GMTOFF	RULES	FORMAT	[UNTIL] -->
	<zone name='Africa/Malabo' gmtoff='0:35:08' format='LMT' tilyear='1912'>
		<zcont gmtoff='0:00' format='GMT' tilyear='1963' tilmonth='Dec' tilday='15'/>
		<zcont gmtoff='1:00' format='WAT'/>
	</zone>

<!-- Eritrea -->
<!-- Zone	NAME		GMTOFF	RULES	FORMAT	[UNTIL] -->
	<zone name='Africa/Asmera' gmtoff='2:35:32' format='LMT' tilyear='1870'>
		<!-- Asmera Mean Time -->
		<zcont gmtoff='2:35:32' format='AMT' tilyear='1890'/>
		<!-- Adis Dera MT -->
		<zcont gmtoff='2:35:20' format='ADMT' tilyear='1936' tilmonth='May' tilday='5'/>
		<zcont gmtoff='3:00' format='EAT'/>
	</zone>

<!-- Ethiopia -->
<!-- From Paul Eggert (1997-10-05): -->
<!-- Shanks writes that Ethiopia had six narrowly-spaced time zones between -->
<!-- 1870 and 1890, and that they merged to 38E50 (2:35:20) in 1890. -->
<!-- We'll guess that 38E50 is for Adis Dera. -->
<!-- Zone	NAME		GMTOFF	RULES	FORMAT	[UNTIL] -->
	<zone name='Africa/Addis_Ababa' gmtoff='2:34:48' format='LMT' tilyear='1870'>
		<!-- Adis Dera MT -->
		<zcont gmtoff='2:35:20' format='ADMT' tilyear='1936' tilmonth='May' tilday='5'/>
		<zcont gmtoff='3:00' format='EAT'/>
	</zone>

<!-- Gabon -->
<!-- Zone	NAME		GMTOFF	RULES	FORMAT	[UNTIL] -->
	<zone name='Africa/Libreville' gmtoff='0:37:48' format='LMT' tilyear='1912'>
		<zcont gmtoff='1:00' format='WAT'/>
	</zone>

<!-- Gambia -->
<!-- Zone	NAME		GMTOFF	RULES	FORMAT	[UNTIL] -->
	<zone name='Africa/Banjul' gmtoff='-1:06:36' format='LMT' tilyear='1912'>
		<!-- Banjul Mean Time -->
		<zcont gmtoff='-1:06:36' format='BMT' tilyear='1935'/>
		<zcont gmtoff='-1:00' format='WAT' tilyear='1964'/>
		<zcont gmtoff='0:00' format='GMT'/>
	</zone>

<!-- Ghana -->
<!-- Rule	NAME	FROM	TO	TYPE	IN	ON	AT	SAVE	LETTER/S -->
<!-- Whitman says DST was observed from 1931 to ``the present''; go with Shanks. -->
	<rule name='Ghana' loyear='1936' hiyear='1942' month='Sep' day='1' tod='0:00' stdoff='0:20' abbrvar='GHST'/>
	<rule name='Ghana' loyear='1936' hiyear='1942' month='Dec' day='31' tod='0:00' stdoff='0' abbrvar='GMT'/>
<!-- Zone	NAME		GMTOFF	RULES	FORMAT	[UNTIL] -->
	<zone name='Africa/Accra' gmtoff='-0:00:52' format='LMT' tilyear='1918'>
		<zcont gmtoff='0:00' rule='Ghana' format='%s'/>
	</zone>

<!-- Guinea -->
<!-- Zone	NAME		GMTOFF	RULES	FORMAT	[UNTIL] -->
	<zone name='Africa/Conakry' gmtoff='-0:54:52' format='LMT' tilyear='1912'>
		<zcont gmtoff='0:00' format='GMT' tilyear='1934' tilmonth='Feb' tilday='26'/>
		<zcont gmtoff='-1:00' format='WAT' tilyear='1960'/>
		<zcont gmtoff='0:00' format='GMT'/>
	</zone>

<!-- Guinea-Bissau -->
<!-- Zone	NAME		GMTOFF	RULES	FORMAT	[UNTIL] -->
	<zone name='Africa/Bissau' gmtoff='-1:02:20' format='LMT' tilyear='1911' tilmonth='May' tilday='26'>
		<zcont gmtoff='-1:00' format='WAT' tilyear='1975'/>
		<zcont gmtoff='0:00' format='GMT'/>
	</zone>

<!-- Kenya -->
<!-- Zone	NAME		GMTOFF	RULES	FORMAT	[UNTIL] -->
	<zone name='Africa/Nairobi' gmtoff='2:27:16' format='LMT' tilyear='1928' tilmonth='Jul'>
		<zcont gmtoff='3:00' format='EAT' tilyear='1930'/>
		<zcont gmtoff='2:30' format='BEAT' tilyear='1940'/>
		<zcont gmtoff='2:45' format='BEAUT' tilyear='1960'/>
		<zcont gmtoff='3:00' format='EAT'/>
	</zone>

<!-- Lesotho -->
<!-- Zone	NAME		GMTOFF	RULES	FORMAT	[UNTIL] -->
	<zone name='Africa/Maseru' gmtoff='1:50:00' format='LMT' tilyear='1903' tilmonth='Mar'>
		<zcont gmtoff='2:00' format='SAST' tilyear='1943' tilmonth='Sep' tilday='19' tiltime='2:00'/>
		<zcont gmtoff='2:00' rule='1:00' format='SAST' tilyear='1944' tilmonth='Mar' tilday='19' tiltime='2:00'/>
		<zcont gmtoff='2:00' format='SAST'/>
	</zone>

<!-- Liberia -->
<!-- From Paul Eggert <eggert@twinsun.com> (1993-11-18): -->
<!-- In 1972 Liberia was the last country to switch -->
<!-- from a UTC offset that was not a multiple of 15 minutes. -->
<!-- Howse reports that it was in honor of their president's birthday. -->
<!-- Shanks reports the date as May 1, whereas Howse reports Jan; go with Shanks. -->
<!-- For Liberia before 1972, Shanks reports -0:44, whereas Howse and Whitman -->
<!-- each report -0:44:30; go with the more precise figure. -->
<!-- Zone	NAME		GMTOFF	RULES	FORMAT	[UNTIL] -->
	<zone name='Africa/Monrovia' gmtoff='-0:43:08' format='LMT' tilyear='1882'>
		<!-- Monrovia Mean Time -->
		<zcont gmtoff='-0:43:08' format='MMT' tilyear='1919' tilmonth='Mar'/>
		<!-- Liberia Time -->
		<zcont gmtoff='-0:44:30' format='LRT' tilyear='1972' tilmonth='May'/>
		<zcont gmtoff='0:00' format='GMT'/>
	</zone>



<!-- Libya -->

<!-- Rule	NAME	FROM	TO	TYPE	IN	ON	AT	SAVE	LETTER/S -->
	<rule name='Libya' loyear='1951' hiyear='only' month='Oct' day='14' tod='2:00' stdoff='1:00' abbrvar='S'/>
	<rule name='Libya' loyear='1952' hiyear='only' month='Jan' day='1' tod='0:00' stdoff='0'/>
	<rule name='Libya' loyear='1953' hiyear='only' month='Oct' day='9' tod='2:00' stdoff='1:00' abbrvar='S'/>
	<rule name='Libya' loyear='1954' hiyear='only' month='Jan' day='1' tod='0:00' stdoff='0'/>
	<rule name='Libya' loyear='1955' hiyear='only' month='Sep' day='30' tod='0:00' stdoff='1:00' abbrvar='S'/>
	<rule name='Libya' loyear='1956' hiyear='only' month='Jan' day='1' tod='0:00' stdoff='0'/>
	<rule name='Libya' loyear='1982' hiyear='1984' month='Apr' day='1' tod='0:00' stdoff='1:00' abbrvar='S'/>
	<rule name='Libya' loyear='1982' hiyear='1985' month='Oct' day='1' tod='0:00' stdoff='0'/>
	<rule name='Libya' loyear='1985' hiyear='only' month='Apr' day='6' tod='0:00' stdoff='1:00' abbrvar='S'/>
	<rule name='Libya' loyear='1986' hiyear='only' month='Apr' day='4' tod='0:00' stdoff='1:00' abbrvar='S'/>
	<rule name='Libya' loyear='1986' hiyear='only' month='Oct' day='3' tod='0:00' stdoff='0'/>
	<rule name='Libya' loyear='1987' hiyear='1989' month='Apr' day='1' tod='0:00' stdoff='1:00' abbrvar='S'/>
	<rule name='Libya' loyear='1987' hiyear='1990' month='Oct' day='1' tod='0:00' stdoff='0'/>
<!-- Zone	NAME		GMTOFF	RULES	FORMAT	[UNTIL] -->
	<zone name='Africa/Tripoli' gmtoff='0:52:44' format='LMT' tilyear='1920'>
		<zcont gmtoff='1:00' rule='Libya' format='CE%sT' tilyear='1959'/>
		<zcont gmtoff='2:00' format='EET' tilyear='1982'/>
		<zcont gmtoff='1:00' rule='Libya' format='CE%sT' tilyear='1990' tilmonth='May' tilday='4'/>
	<!-- The following entries are all from Shanks; -->
	<!-- the IATA SSIM data contain some obvious errors. -->
		<zcont gmtoff='2:00' format='EET' tilyear='1996' tilmonth='Sep' tilday='30'/>
		<zcont gmtoff='1:00' format='CET' tilyear='1997' tilmonth='Apr' tilday='4'/>
		<zcont gmtoff='1:00' rule='1:00' format='CEST' tilyear='1997' tilmonth='Oct' tilday='4'/>
		<zcont gmtoff='2:00' format='EET'/>
	</zone>

<!-- Madagascar -->
<!-- Zone	NAME		GMTOFF	RULES	FORMAT	[UNTIL] -->
	<zone name='Indian/Antananarivo' gmtoff='3:10:04' format='LMT' tilyear='1911' tilmonth='Jul'>
		<zcont gmtoff='3:00' format='EAT' tilyear='1954' tilmonth='Feb' tilday='27' tiltime='23:00s'/>
		<zcont gmtoff='3:00' rule='1:00' format='EAST' tilyear='1954' tilmonth='May' tilday='29' tiltime='23:00s'/>
		<zcont gmtoff='3:00' format='EAT'/>
	</zone>

<!-- Malawi -->
<!-- Zone	NAME		GMTOFF	RULES	FORMAT	[UNTIL] -->
	<zone name='Africa/Blantyre' gmtoff='2:20:00' format='LMT' tilyear='1903' tilmonth='Mar'>
		<zcont gmtoff='2:00' format='CAT'/>
	</zone>

<!-- Mali -->
<!-- Zone	NAME		GMTOFF	RULES	FORMAT	[UNTIL] -->
	<zone name='Africa/Bamako' gmtoff='-0:32:00' format='LMT' tilyear='1912'>
		<zcont gmtoff='0:00' format='GMT' tilyear='1934' tilmonth='Feb' tilday='26'/>
		<zcont gmtoff='-1:00' format='WAT' tilyear='1960' tilmonth='Jun' tilday='20'/>
		<zcont gmtoff='0:00' format='GMT'/>
	</zone>
<!-- no longer different from Bamako, but too famous to omit -->
	<zone name='Africa/Timbuktu' gmtoff='-0:12:04' format='LMT' tilyear='1912'>
		<zcont gmtoff='0:00' format='GMT'/>
	</zone>

<!-- Mauritania -->
<!-- Zone	NAME		GMTOFF	RULES	FORMAT	[UNTIL] -->
	<zone name='Africa/Nouakchott' gmtoff='-1:03:48' format='LMT' tilyear='1912'>
		<zcont gmtoff='0:00' format='GMT' tilyear='1934' tilmonth='Feb' tilday='26'/>
		<zcont gmtoff='-1:00' format='WAT' tilyear='1960' tilmonth='Nov' tilday='28'/>
		<zcont gmtoff='0:00' format='GMT'/>
	</zone>

<!-- Mauritius -->
<!-- Zone	NAME		GMTOFF	RULES	FORMAT	[UNTIL] -->
	<!-- Port Louis -->
	<zone name='Indian/Mauritius' gmtoff='3:50:00' format='LMT' tilyear='1907'>
		<!-- Mauritius Time -->
		<zcont gmtoff='4:00' format='MUT'/>
	</zone>
<!-- Agalega Is, Rodriguez -->
<!-- no information; probably like Indian/Mauritius -->

<!-- Mayotte -->
<!-- Zone	NAME		GMTOFF	RULES	FORMAT	[UNTIL] -->
	<!-- Mamoutzou -->
	<zone name='Indian/Mayotte' gmtoff='3:00:56' format='LMT' tilyear='1911' tilmonth='Jul'>
		<zcont gmtoff='3:00' format='EAT'/>
	</zone>

<!-- Morocco -->
<!-- See the `europe' file for Spanish Morocco (Africa/Ceuta). -->
<!-- RULE	NAME	FROM	TO	TYPE	IN	ON	AT	SAVE	LETTER/S -->
	<rule name='Morocco' loyear='1939' hiyear='only' month='Sep' day='12' tod='0:00' stdoff='1:00' abbrvar='S'/>
	<rule name='Morocco' loyear='1939' hiyear='only' month='Nov' day='19' tod='0:00' stdoff='0'/>
	<rule name='Morocco' loyear='1940' hiyear='only' month='Feb' day='25' tod='0:00' stdoff='1:00' abbrvar='S'/>
	<rule name='Morocco' loyear='1945' hiyear='only' month='Nov' day='18' tod='0:00' stdoff='0'/>
	<rule name='Morocco' loyear='1950' hiyear='only' month='Jun' day='11' tod='0:00' stdoff='1:00' abbrvar='S'/>
	<rule name='Morocco' loyear='1950' hiyear='only' month='Oct' day='29' tod='0:00' stdoff='0'/>
	<rule name='Morocco' loyear='1967' hiyear='only' month='Jun' day='3' tod='12:00' stdoff='1:00' abbrvar='S'/>
	<rule name='Morocco' loyear='1967' hiyear='only' month='Oct' day='1' tod='0:00' stdoff='0'/>
	<rule name='Morocco' loyear='1974' hiyear='only' month='Jun' day='24' tod='0:00' stdoff='1:00' abbrvar='S'/>
	<rule name='Morocco' loyear='1974' hiyear='only' month='Sep' day='1' tod='0:00' stdoff='0'/>
	<rule name='Morocco' loyear='1976' hiyear='1977' month='May' day='1' tod='0:00' stdoff='1:00' abbrvar='S'/>
	<rule name='Morocco' loyear='1976' hiyear='only' month='Aug' day='1' tod='0:00' stdoff='0'/>
	<rule name='Morocco' loyear='1977' hiyear='only' month='Sep' day='28' tod='0:00' stdoff='0'/>
	<rule name='Morocco' loyear='1978' hiyear='only' month='Jun' day='1' tod='0:00' stdoff='1:00' abbrvar='S'/>
	<rule name='Morocco' loyear='1978' hiyear='only' month='Aug' day='4' tod='0:00' stdoff='0'/>
<!-- Zone	NAME		GMTOFF	RULES	FORMAT	[UNTIL] -->
	<zone name='Africa/Casablanca' gmtoff='-0:30:20' format='LMT' tilyear='1913' tilmonth='Oct' tilday='26'>
		<zcont gmtoff='0:00' rule='Morocco' format='WE%sT' tilyear='1984' tilmonth='Mar' tilday='16'/>
		<zcont gmtoff='1:00' format='CET' tilyear='1986'/>
		<zcont gmtoff='0:00' format='WET'/>
	</zone>
<!-- Western Sahara -->
	<zone name='Africa/El_Aaiun' gmtoff='-0:52:48' format='LMT' tilyear='1934' tilmonth='Jan'>
		<zcont gmtoff='-1:00' format='WAT' tilyear='1976' tilmonth='Apr' tilday='14'/>
		<zcont gmtoff='0:00' format='WET'/>
	</zone>

<!-- Mozambique -->
<!-- Zone	NAME		GMTOFF	RULES	FORMAT	[UNTIL] -->
	<zone name='Africa/Maputo' gmtoff='2:10:20' format='LMT' tilyear='1903' tilmonth='Mar'>
		<zcont gmtoff='2:00' format='CAT'/>
	</zone>

<!-- Namibia -->
<!-- The 1994-04-03 transition is from Shanks. -->
<!-- Shanks reports no DST after 1998-04; go with IATA. -->
<!-- RULE	NAME	FROM	TO	TYPE	IN	ON	AT	SAVE	LETTER/S -->
	<rule name='Namibia' loyear='1994' hiyear='max' month='Sep' day='Sun&gt;=1' tod='2:00' stdoff='1:00' abbrvar='S'/>
	<rule name='Namibia' loyear='1995' hiyear='max' month='Apr' day='Sun&gt;=1' tod='2:00' stdoff='0'/>
<!-- Zone	NAME		GMTOFF	RULES	FORMAT	[UNTIL] -->
	<zone name='Africa/Windhoek' gmtoff='1:08:24' format='LMT' tilyear='1892' tilmonth='Feb' tilday='8'>
		<!-- SW Africa Time -->
		<zcont gmtoff='1:30' format='SWAT' tilyear='1903' tilmonth='Mar'/>
		<zcont gmtoff='2:00' format='SAST' tilyear='1942' tilmonth='Sep' tilday='20' tiltime='2:00'/>
		<zcont gmtoff='2:00' rule='1:00' format='SAST' tilyear='1943' tilmonth='Mar' tilday='21' tiltime='2:00'/>
		<!-- independence -->
		<zcont gmtoff='2:00' format='SAST' tilyear='1990' tilmonth='Mar' tilday='21'/>
		<zcont gmtoff='2:00' format='CAT' tilyear='1994' tilmonth='Apr' tilday='3'/>
		<zcont gmtoff='1:00' rule='Namibia' format='WA%sT'/>
	</zone>

<!-- Niger -->
<!-- Zone	NAME		GMTOFF	RULES	FORMAT	[UNTIL] -->
	<zone name='Africa/Niamey' gmtoff='0:08:28' format='LMT' tilyear='1912'>
		<zcont gmtoff='-1:00' format='WAT' tilyear='1934' tilmonth='Feb' tilday='26'/>
		<zcont gmtoff='0:00' format='GMT' tilyear='1960'/>
		<zcont gmtoff='1:00' format='WAT'/>
	</zone>

<!-- Nigeria -->
<!-- Zone	NAME		GMTOFF	RULES	FORMAT	[UNTIL] -->
	<zone name='Africa/Lagos' gmtoff='0:13:36' format='LMT' tilyear='1919' tilmonth='Sep'>
		<zcont gmtoff='1:00' format='WAT'/>
	</zone>

<!-- Reunion -->
<!-- Zone	NAME		GMTOFF	RULES	FORMAT	[UNTIL] -->
	<!-- Saint-Denis -->
	<zone name='Indian/Reunion' gmtoff='3:41:52' format='LMT' tilyear='1911' tilmonth='Jun'>
		<!-- Reunion Time -->
		<zcont gmtoff='4:00' format='RET'/>
	</zone>

<!-- Scattered Islands (Iles Eparses) administered from Reunion are as follows. -->
<!-- The following information about them is taken from -->
<!-- Iles Eparses (www.outre-mer.gouv.fr/domtom/ile.htm, 1997-07-22, in French; -->
<!-- no longer available as of 1999-08-17). -->
<!-- We have no info about their time zone histories. -->

<!-- Bassas da India - uninhabited -->
<!-- Europa Island - inhabited from 1905 to 1910 by two families -->
<!-- Glorioso Is - inhabited until at least 1958 -->
<!-- Juan de Nova - uninhabited -->
<!-- Tromelin - inhabited until at least 1958 -->

<!-- Rwanda -->
<!-- Zone	NAME		GMTOFF	RULES	FORMAT	[UNTIL] -->
	<zone name='Africa/Kigali' gmtoff='2:00:16' format='LMT' tilyear='1935' tilmonth='Jun'>
		<zcont gmtoff='2:00' format='CAT'/>
	</zone>

<!-- St Helena -->
<!-- Zone	NAME		GMTOFF	RULES	FORMAT	[UNTIL] -->
	<!-- Jamestown -->
	<zone name='Atlantic/St_Helena' gmtoff='-0:22:48' format='LMT' tilyear='1890'>
		<!-- Jamestown Mean Time -->
		<zcont gmtoff='-0:22:48' format='JMT' tilyear='1951'/>
		<zcont gmtoff='0:00' format='GMT'/>
	</zone>
<!-- The other parts of the St Helena territory are similar: -->
<!-- Tristan da Cunha: on GMT, say Whitman and the CIA -->
<!-- Ascension: on GMT, says usno1995 and the CIA -->
<!-- Gough (scientific station since 1955; sealers wintered previously): -->
<!-- on GMT, says the CIA -->
<!-- Inaccessible, Nightingale: no information, but probably GMT -->

<!-- Sao Tome and Principe -->
<!-- Zone	NAME		GMTOFF	RULES	FORMAT	[UNTIL] -->
	<zone name='Africa/Sao_Tome' gmtoff='0:26:56' format='LMT' tilyear='1884'>
		<!-- Lisbon Mean Time -->
		<zcont gmtoff='-0:36:32' format='LMT' tilyear='1912'/>
		<zcont gmtoff='0:00' format='GMT'/>
	</zone>

<!-- Senegal -->
<!-- Zone	NAME		GMTOFF	RULES	FORMAT	[UNTIL] -->
	<zone name='Africa/Dakar' gmtoff='-1:09:44' format='LMT' tilyear='1912'>
		<zcont gmtoff='-1:00' format='WAT' tilyear='1941' tilmonth='Jun'/>
		<zcont gmtoff='0:00' format='GMT'/>
	</zone>

<!-- Seychelles -->
<!-- Zone	NAME		GMTOFF	RULES	FORMAT	[UNTIL] -->
	<!-- Victoria -->
	<zone name='Indian/Mahe' gmtoff='3:41:48' format='LMT' tilyear='1906' tilmonth='Jun'>
		<!-- Seychelles Time -->
		<zcont gmtoff='4:00' format='SCT'/>
	</zone>

<!-- Sierra Leone -->
<!-- Rule	NAME	FROM	TO	TYPE	IN	ON	AT	SAVE	LETTER/S -->
<!-- Whitman gives Mar 31 - Aug 31 for 1931 on; go with Shanks. -->
	<rule name='SL' loyear='1935' hiyear='1942' month='Jun' day='1' tod='0:00' stdoff='0:40' abbrvar='SLST'/>
	<rule name='SL' loyear='1935' hiyear='1942' month='Oct' day='1' tod='0:00' stdoff='0' abbrvar='WAT'/>
	<rule name='SL' loyear='1957' hiyear='1962' month='Jun' day='1' tod='0:00' stdoff='1:00' abbrvar='SLST'/>
	<rule name='SL' loyear='1957' hiyear='1962' month='Sep' day='1' tod='0:00' stdoff='0' abbrvar='GMT'/>
<!-- Zone	NAME		GMTOFF	RULES	FORMAT	[UNTIL] -->
	<zone name='Africa/Freetown' gmtoff='-0:53:00' format='LMT' tilyear='1882'>
		<!-- Freetown Mean Time -->
		<zcont gmtoff='-0:53:00' format='FMT' tilyear='1913' tilmonth='Jun'/>
		<zcont gmtoff='-1:00' rule='SL' format='%s' tilyear='1957'/>
		<zcont gmtoff='0:00' rule='SL' format='%s'/>
	</zone>

<!-- Somalia -->
<!-- Zone	NAME		GMTOFF	RULES	FORMAT	[UNTIL] -->
	<zone name='Africa/Mogadishu' gmtoff='3:01:28' format='LMT' tilyear='1893' tilmonth='Nov'>
		<zcont gmtoff='3:00' format='EAT' tilyear='1931'/>
		<zcont gmtoff='2:30' format='BEAT' tilyear='1957'/>
		<zcont gmtoff='3:00' format='EAT'/>
	</zone>

<!-- South Africa -->
<!-- Rule	NAME	FROM	TO	TYPE	IN	ON	AT	SAVE	LETTER/S -->
	<rule name='SA' loyear='1942' hiyear='1943' month='Sep' day='Sun&gt;=15' tod='2:00' stdoff='1:00'/>
	<rule name='SA' loyear='1943' hiyear='1944' month='Mar' day='Sun&gt;=15' tod='2:00' stdoff='0'/>
<!-- Zone	NAME		GMTOFF	RULES	FORMAT	[UNTIL] -->
	<zone name='Africa/Johannesburg' gmtoff='1:52:00' format='LMT' tilyear='1892' tilmonth='Feb' tilday='8'>
		<zcont gmtoff='1:30' format='SAST' tilyear='1903' tilmonth='Mar'/>
		<zcont gmtoff='2:00' rule='SA' format='SAST'/>
	</zone>
<!-- Marion and Prince Edward Is -->
<!-- scientific station since 1947 -->
<!-- no information -->

<!-- Sudan -->

<!-- From <a href="http://www.sunanews.net/sn13jane.html"> -->
<!-- Sudan News Agency (2000-01-13) -->
<!-- </a>, also reported by Michael De Beukelaer-Dossche via Steffen Thorsen: -->
<!-- Clocks will be moved ahead for 60 minutes all over the Sudan as of noon -->
<!-- Saturday....  This was announced Thursday by Caretaker State Minister for -->
<!-- Manpower Abdul-Rahman Nur-Eddin. -->

<!-- Rule	NAME	FROM	TO	TYPE	IN	ON	AT	SAVE	LETTER/S -->
	<rule name='Sudan' loyear='1970' hiyear='only' month='May' day='1' tod='0:00' stdoff='1:00' abbrvar='S'/>
	<rule name='Sudan' loyear='1970' hiyear='1985' month='Oct' day='15' tod='0:00' stdoff='0'/>
	<rule name='Sudan' loyear='1971' hiyear='only' month='Apr' day='30' tod='0:00' stdoff='1:00' abbrvar='S'/>
	<rule name='Sudan' loyear='1972' hiyear='1985' month='Apr' day='lastSun' tod='0:00' stdoff='1:00' abbrvar='S'/>
<!-- Zone	NAME		GMTOFF	RULES	FORMAT	[UNTIL] -->
	<zone name='Africa/Khartoum' gmtoff='2:10:08' format='LMT' tilyear='1931'>
		<zcont gmtoff='2:00' rule='Sudan' format='CA%sT' tilyear='2000' tilmonth='Jan' tilday='15' tiltime='12:00'/>
		<zcont gmtoff='3:00' format='EAT'/>
	</zone>

<!-- Swaziland -->
<!-- Zone	NAME		GMTOFF	RULES	FORMAT	[UNTIL] -->
	<zone name='Africa/Mbabane' gmtoff='2:04:24' format='LMT' tilyear='1903' tilmonth='Mar'>
		<zcont gmtoff='2:00' format='SAST'/>
	</zone>

<!-- Tanzania -->
<!-- Zone	NAME		GMTOFF	RULES	FORMAT	[UNTIL] -->
	<zone name='Africa/Dar_es_Salaam' gmtoff='2:37:08' format='LMT' tilyear='1931'>
		<zcont gmtoff='3:00' format='EAT' tilyear='1948'/>
		<zcont gmtoff='2:45' format='BEAUT' tilyear='1961'/>
		<zcont gmtoff='3:00' format='EAT'/>
	</zone>

<!-- Togo -->
<!-- Zone	NAME		GMTOFF	RULES	FORMAT	[UNTIL] -->
	<zone name='Africa/Lome' gmtoff='0:04:52' format='LMT' tilyear='1893'>
		<zcont gmtoff='0:00' format='GMT'/>
	</zone>

<!-- Tunisia -->
<!-- Rule	NAME	FROM	TO	TYPE	IN	ON	AT	SAVE	LETTER/S -->
	<rule name='Tunisia' loyear='1939' hiyear='only' month='Apr' day='15' tod='23:00s' stdoff='1:00' abbrvar='S'/>
	<rule name='Tunisia' loyear='1939' hiyear='only' month='Nov' day='18' tod='23:00s' stdoff='0'/>
	<rule name='Tunisia' loyear='1940' hiyear='only' month='Feb' day='25' tod='23:00s' stdoff='1:00' abbrvar='S'/>
	<rule name='Tunisia' loyear='1941' hiyear='only' month='Oct' day='6' tod='0:00' stdoff='0'/>
	<rule name='Tunisia' loyear='1942' hiyear='only' month='Mar' day='9' tod='0:00' stdoff='1:00' abbrvar='S'/>
	<rule name='Tunisia' loyear='1942' hiyear='only' month='Nov' day='2' tod='3:00' stdoff='0'/>
	<rule name='Tunisia' loyear='1943' hiyear='only' month='Mar' day='29' tod='2:00' stdoff='1:00' abbrvar='S'/>
	<rule name='Tunisia' loyear='1943' hiyear='only' month='Apr' day='17' tod='2:00' stdoff='0'/>
	<rule name='Tunisia' loyear='1943' hiyear='only' month='Apr' day='25' tod='2:00' stdoff='1:00' abbrvar='S'/>
	<rule name='Tunisia' loyear='1943' hiyear='only' month='Oct' day='4' tod='2:00' stdoff='0'/>
	<rule name='Tunisia' loyear='1944' hiyear='1945' month='Apr' day='Mon&gt;=1' tod='2:00' stdoff='1:00' abbrvar='S'/>
	<rule name='Tunisia' loyear='1944' hiyear='only' month='Oct' day='8' tod='0:00' stdoff='0'/>
	<rule name='Tunisia' loyear='1945' hiyear='only' month='Sep' day='16' tod='0:00' stdoff='0'/>
	<rule name='Tunisia' loyear='1977' hiyear='only' month='Apr' day='30' tod='0:00s' stdoff='1:00' abbrvar='S'/>
	<rule name='Tunisia' loyear='1977' hiyear='only' month='Sep' day='24' tod='0:00s' stdoff='0'/>
	<rule name='Tunisia' loyear='1978' hiyear='only' month='May' day='1' tod='0:00s' stdoff='1:00' abbrvar='S'/>
	<rule name='Tunisia' loyear='1978' hiyear='only' month='Oct' day='1' tod='0:00s' stdoff='0'/>
	<rule name='Tunisia' loyear='1988' hiyear='only' month='Jun' day='1' tod='0:00s' stdoff='1:00' abbrvar='S'/>
	<rule name='Tunisia' loyear='1988' hiyear='1990' month='Sep' day='lastSun' tod='0:00s' stdoff='0'/>
	<rule name='Tunisia' loyear='1989' hiyear='only' month='Mar' day='26' tod='0:00s' stdoff='1:00' abbrvar='S'/>
	<rule name='Tunisia' loyear='1990' hiyear='only' month='May' day='1' tod='0:00s' stdoff='1:00' abbrvar='S'/>
<!-- Shanks gives 0:09 for Paris Mean Time; go with Howse's more precise 0:09:21. -->
<!-- Shanks says the 1911 switch occurred on Mar 9; go with Howse's Mar 11. -->
<!-- Zone	NAME		GMTOFF	RULES	FORMAT	[UNTIL] -->
	<zone name='Africa/Tunis' gmtoff='0:40:44' format='LMT' tilyear='1881' tilmonth='May' tilday='12'>
		<!-- Paris Mean Time -->
		<zcont gmtoff='0:09:21' format='PMT' tilyear='1911' tilmonth='Mar' tilday='11'/>
		<zcont gmtoff='1:00' rule='Tunisia' format='CE%sT'/>
	</zone>

<!-- Uganda -->
<!-- Zone	NAME		GMTOFF	RULES	FORMAT	[UNTIL] -->
	<zone name='Africa/Kampala' gmtoff='2:09:40' format='LMT' tilyear='1928' tilmonth='Jul'>
		<zcont gmtoff='3:00' format='EAT' tilyear='1930'/>
		<zcont gmtoff='2:30' format='BEAT' tilyear='1948'/>
		<zcont gmtoff='2:45' format='BEAUT' tilyear='1957'/>
		<zcont gmtoff='3:00' format='EAT'/>
	</zone>

<!-- Zambia -->
<!-- Zone	NAME		GMTOFF	RULES	FORMAT	[UNTIL] -->
	<zone name='Africa/Lusaka' gmtoff='1:53:08' format='LMT' tilyear='1903' tilmonth='Mar'>
		<zcont gmtoff='2:00' format='CAT'/>
	</zone>

<!-- Zimbabwe -->
<!-- Zone	NAME		GMTOFF	RULES	FORMAT	[UNTIL] -->
	<zone name='Africa/Harare' gmtoff='2:04:12' format='LMT' tilyear='1903' tilmonth='Mar'>
		<zcont gmtoff='2:00' format='CAT'/>
	</zone>

</tz>
