<tz>

<!-- @(#)asia	7.58 -->

<!-- This data is by no means authoritative; if you think you know better, -->
<!-- go ahead and edit the file (and please send any changes to -->
<!-- tz@elsie.nci.nih.gov for general use in the future). -->

<!-- From Paul Eggert <eggert@twinsun.com> (1999-03-22): -->

<!-- A good source for time zone historical data outside the U.S. is -->
<!-- Thomas G. Shanks, The International Atlas (5th edition), -->
<!-- San Diego: ACS Publications, Inc. (1999). -->

<!-- Gwillim Law <Gwil_Law@bridge-point.com> writes that a good source -->
<!-- for recent time zone data is the International Air Transport -->
<!-- Association's Standard Schedules Information Manual (IATA SSIM), -->
<!-- published semiannually.  Law sent in several helpful summaries -->
<!-- of the IATA's data after 1990. -->

<!-- Except where otherwise noted, Shanks is the source for entries through 1990, -->
<!-- and IATA SSIM is the source for entries after 1990. -->

<!-- Another source occasionally used is Edward W. Whitman, World Time Differences, -->
<!-- Whitman Publishing Co, 2 Niagara Av, Ealing, London (undated), which -->
<!-- I found in the UCLA library. -->

<!-- A reliable and entertaining source about time zones is -->
<!-- Derek Howse, Greenwich time and longitude, Philip Wilson Publishers (1997). -->

<!-- I invented the abbreviations marked `*' in the following table; -->
<!-- the rest are from earlier versions of this file, or from other sources. -->
<!-- Corrections are welcome! -->
<!-- std dst -->
<!-- LMT	Local Mean Time -->
<!-- 2:00	EET EEST Eastern European Time -->
<!-- 2:00	IST IDT	Israel -->
<!-- 3:00	AST ADT	Arabia* -->
<!-- 4:00	GST	Gulf* -->
<!-- 5:30	IST	India -->
<!-- 7:00	ICT	Indochina* -->
<!-- 8:00	CST	China -->
<!-- 9:00	CJT	Central Japanese Time (1896/1937)* -->
<!-- 9:00	JST	Japan -->
<!-- 9:00	KST	Korea -->
<!-- 9:30	CST	(Australian) Central Standard Time -->

<!-- See the `europe' file for Russia and Turkey in Asia. -->

<!-- From Guy Harris: -->
<!-- Incorporates data for Singapore from Robert Elz' asia 1.1, as well as -->
<!-- additional information from Tom Yap, Sun Microsystems Intercontinental -->
<!-- Technical Support (including a page from the Official Airline Guide - -->
<!-- Worldwide Edition).  The names for time zones are guesses. -->



<!-- These rules are stolen from the `europe' file. -->
<!-- Rule	NAME	FROM	TO	TYPE	IN	ON	AT	SAVE	LETTER/S -->
	<rule name='EUAsia' loyear='1981' hiyear='max' month='Mar' day='lastSun' tod='1:00u' stdoff='1:00' abbrvar='S'/>
	<rule name='EUAsia' loyear='1996' hiyear='max' month='Oct' day='lastSun' tod='1:00u' stdoff='0'/>
	<rule name='E-EurAsia' loyear='1981' hiyear='max' month='Mar' day='lastSun' tod='0:00' stdoff='1:00' abbrvar='S'/>
	<rule name='E-EurAsia' loyear='1979' hiyear='1995' month='Sep' day='lastSun' tod='0:00' stdoff='0'/>
	<rule name='E-EurAsia' loyear='1996' hiyear='max' month='Oct' day='lastSun' tod='0:00' stdoff='0'/>
	<rule name='RussiaAsia' loyear='1981' hiyear='1984' month='Apr' day='1' tod='0:00' stdoff='1:00' abbrvar='S'/>
	<rule name='RussiaAsia' loyear='1981' hiyear='1983' month='Oct' day='1' tod='0:00' stdoff='0'/>
	<rule name='RussiaAsia' loyear='1984' hiyear='1991' month='Sep' day='lastSun' tod='2:00s' stdoff='0'/>
	<rule name='RussiaAsia' loyear='1985' hiyear='1991' month='Mar' day='lastSun' tod='2:00s' stdoff='1:00' abbrvar='S'/>
	<rule name='RussiaAsia' loyear='1992' hiyear='only' month='Mar' day='lastSat' tod='23:00' stdoff='1:00' abbrvar='S'/>
	<rule name='RussiaAsia' loyear='1992' hiyear='only' month='Sep' day='lastSat' tod='23:00' stdoff='0'/>
	<rule name='RussiaAsia' loyear='1993' hiyear='max' month='Mar' day='lastSun' tod='2:00s' stdoff='1:00' abbrvar='S'/>
	<rule name='RussiaAsia' loyear='1993' hiyear='1995' month='Sep' day='lastSun' tod='2:00s' stdoff='0'/>
	<rule name='RussiaAsia' loyear='1996' hiyear='max' month='Oct' day='lastSun' tod='2:00s' stdoff='0'/>

<!-- Afghanistan -->
<!-- Zone	NAME		GMTOFF	RULES	FORMAT	[UNTIL] -->
	<zone name='Asia/Kabul' gmtoff='4:36:48' format='LMT' tilyear='1890'>
		<zcont gmtoff='4:00' format='AFT' tilyear='1945'/>
		<zcont gmtoff='4:30' format='AFT'/>
	</zone>

<!-- Armenia -->
<!-- From Paul Eggert (1999-10-29): -->
<!-- Shanks has Yerevan switching to 3:00 (with Russian DST) in spring 1991, -->
<!-- then to 4:00 with no DST in fall 1995, then readopting Russian DST in 1997. -->
<!-- Go with Shanks, even when he disagrees with others.  Edgar Der-Danieliantz -->
<!-- <edd@AIC.NET> reported (1996-05-04) that Yerevan probably wouldn't use DST -->
<!-- in 1996, though it did use DST in 1995.  IATA SSIM (1991/1998) reports that -->
<!-- Armenia switched from 3:00 to 4:00 in 1998 and observed DST after 1991, -->
<!-- but started switching at 3:00s in 1998. -->
<!-- Zone	NAME		GMTOFF	RULES	FORMAT	[UNTIL] -->
	<zone name='Asia/Yerevan' gmtoff='2:58:00' format='LMT' tilyear='1924' tilmonth='May' tilday='2'>
		<!-- Yerevan Time -->
		<zcont gmtoff='3:00' format='YERT' tilyear='1957' tilmonth='Mar'/>
		<zcont gmtoff='4:00' rule='RussiaAsia' format='YER%sT' tilyear='1991' tilmonth='Mar' tilday='31' tiltime='2:00s'/>
		<!-- independence -->
		<zcont gmtoff='3:00' rule='1:00' format='YERST' tilyear='1991' tilmonth='Sep' tilday='23'/>
		<zcont gmtoff='3:00' rule='RussiaAsia' format='AM%sT' tilyear='1995' tilmonth='Sep' tilday='24' tiltime='2:00s'/>
		<zcont gmtoff='4:00' format='AMT' tilyear='1997'/>
		<zcont gmtoff='4:00' rule='RussiaAsia' format='AM%sT'/>
	</zone>

<!-- Azerbaijan -->
<!-- Rule	NAME	FROM	TO	TYPE	IN	ON	AT	SAVE	LETTER/S -->
	<rule name='Azer' loyear='1997' hiyear='max' month='Mar' day='lastSun' tod='1:00' stdoff='1:00' abbrvar='S'/>
	<rule name='Azer' loyear='1997' hiyear='max' month='Oct' day='lastSun' tod='1:00' stdoff='0'/>
<!-- Zone	NAME		GMTOFF	RULES	FORMAT	[UNTIL] -->
	<zone name='Asia/Baku' gmtoff='3:19:24' format='LMT' tilyear='1924' tilmonth='May' tilday='2'>
		<!-- Baku Time -->
		<zcont gmtoff='3:00' format='BAKT' tilyear='1957' tilmonth='Mar'/>
		<zcont gmtoff='4:00' rule='RussiaAsia' format='BAK%sT' tilyear='1991' tilmonth='Mar' tilday='31' tiltime='2:00s'/>
		<!-- independence -->
		<zcont gmtoff='3:00' rule='1:00' format='BAKST' tilyear='1991' tilmonth='Aug' tilday='30'/>
		<zcont gmtoff='3:00' rule='RussiaAsia' format='AZ%sT' tilyear='1992' tilmonth='Sep' tilday='lastSun' tiltime='2:00s'/>
		<!-- Azerbaijan time -->
		<zcont gmtoff='4:00' format='AZT' tilyear='1996'/>
		<zcont gmtoff='4:00' rule='EUAsia' format='AZ%sT' tilyear='1997'/>
		<zcont gmtoff='4:00' rule='Azer' format='AZ%sT'/>
	</zone>

<!-- Bahrain -->
<!-- Zone	NAME		GMTOFF	RULES	FORMAT	[UNTIL] -->
	<!-- Al Manamah -->
	<zone name='Asia/Bahrain' gmtoff='3:22:20' format='LMT' tilyear='1920'>
		<zcont gmtoff='4:00' format='GST' tilyear='1972' tilmonth='Jun'/>
		<zcont gmtoff='3:00' format='AST'/>
	</zone>

<!-- Bangladesh -->
<!-- Zone	NAME		GMTOFF	RULES	FORMAT	[UNTIL] -->
	<zone name='Asia/Dhaka' gmtoff='6:01:40' format='LMT' tilyear='1890'>
		<!-- Howrah Mean Time? -->
		<zcont gmtoff='5:53:20' format='HMT' tilyear='1941' tilmonth='Oct'/>
		<!-- Burma Time -->
		<zcont gmtoff='6:30' format='BURT' tilyear='1942' tilmonth='May' tilday='15'/>
		<zcont gmtoff='5:30' format='IST' tilyear='1942' tilmonth='Sep'/>
		<zcont gmtoff='6:30' format='BURT' tilyear='1951' tilmonth='Sep' tilday='30'/>
		<!-- Dacca Time -->
		<zcont gmtoff='6:00' format='DACT' tilyear='1971' tilmonth='Mar' tilday='26'/>
		<!-- Bangladesh Time -->
		<zcont gmtoff='6:00' format='BDT'/>
	</zone>

<!-- Bhutan -->
<!-- Zone	NAME		GMTOFF	RULES	FORMAT	[UNTIL] -->
	<!-- or Thimbu -->
	<zone name='Asia/Thimphu' gmtoff='5:58:36' format='LMT' tilyear='1947' tilmonth='Aug' tilday='15'>
		<zcont gmtoff='5:30' format='IST' tilyear='1987' tilmonth='Oct'/>
		<!-- Bhutan Time -->
		<zcont gmtoff='6:00' format='BTT'/>
	</zone>

<!-- British Indian Ocean Territory -->
<!-- From Whitman: -->
<!-- Zone	NAME		GMTOFF	RULES	FORMAT	[UNTIL] -->
	<!-- BIOT Time -->
	<zone name='Indian/Chagos' gmtoff='5:00' format='IOT'/>

<!-- Brunei -->
<!-- Zone	NAME		GMTOFF	RULES	FORMAT	[UNTIL] -->
	<!-- Bandar Seri Begawan -->
	<zone name='Asia/Brunei' gmtoff='7:39:40' format='LMT' tilyear='1926' tilmonth='Mar'>
		<zcont gmtoff='7:30' format='BNT' tilyear='1933'/>
		<zcont gmtoff='8:00' format='BNT'/>
	</zone>

<!-- Burma / Myanmar -->
<!-- Zone	NAME		GMTOFF	RULES	FORMAT	[UNTIL] -->
	<!-- or Yangon -->
	<zone name='Asia/Rangoon' gmtoff='6:24:40' format='LMT' tilyear='1880'>
		<!-- Rangoon Mean Time? -->
		<zcont gmtoff='6:24:36' format='RMT' tilyear='1920'/>
		<!-- Burma Time -->
		<zcont gmtoff='6:30' format='BURT' tilyear='1942' tilmonth='May'/>
		<zcont gmtoff='9:00' format='JST' tilyear='1945' tilmonth='May' tilday='3'/>
		<!-- Myanmar Time -->
		<zcont gmtoff='6:30' format='MMT'/>
	</zone>

<!-- Cambodia -->
<!-- Zone	NAME		GMTOFF	RULES	FORMAT	[UNTIL] -->
	<zone name='Asia/Phnom_Penh' gmtoff='6:59:40' format='LMT' tilyear='1906' tilmonth='Jun' tilday='9'>
		<!-- Saigon MT? -->
		<zcont gmtoff='7:06:20' format='SMT' tilyear='1911' tilmonth='Mar' tilday='11' tiltime='0:01'/>
		<zcont gmtoff='7:00' format='ICT' tilyear='1912' tilmonth='May'/>
		<zcont gmtoff='8:00' format='ICT' tilyear='1931' tilmonth='May'/>
		<zcont gmtoff='7:00' format='ICT'/>
	</zone>

<!-- China -->

<!-- From Guy Harris: -->
<!-- People's Republic of China.  Yes, they really have only one time zone. -->

<!-- From Bob Devine (1988-01-28): -->
<!-- No they don't.  See TIME mag, 1986-02-17 p.52.  Even though -->
<!-- China is across 4 physical time zones, before Feb 1, 1986 only the -->
<!-- Peking (Bejing) time zone was recognized.  Since that date, China -->
<!-- has two of 'em -= Peking's and Urumqi (named after the capital of -->
<!-- the Xinjiang Uighur Autonomous Region).  I don't know about DST for it. -->

<!-- . . .I just deleted the DST table and this editor makes it too -->
<!-- painful to suck in another copy..  So, here is what I have for -->
<!-- DST start/end dates for Peking's time zone (info from AP): -->

<!-- 1986 May 4 - Sept 14 -->
<!-- 1987 mid-April - ?? -->

<!-- From U. S. Naval Observatory (1989-01-19): -->
<!-- CHINA               8 H  AHEAD OF UTC  ALL OF CHINA, INCL TAIWAN -->
<!-- CHINA               9 H  AHEAD OF UTC  APR 17 - SEP 10 -->

<!-- From Paul Eggert <eggert@twinsun.com> (1995-12-19): -->
<!-- Shanks writes that China has had a single time zone since 1980 May 1, -->
<!-- observing summer DST from 1986 through 1991; this contradicts Devine's -->
<!-- note about Time magazine, though apparently _something_ happened in 1986. -->
<!-- Go with Shanks for now.  I made up names for the other pre-1980 time zones. -->

<!-- From Shanks: -->
<!-- Rule	NAME	FROM	TO	TYPE	IN	ON	AT	SAVE	LETTER/S -->
	<rule name='Shang' loyear='1940' hiyear='only' month='Jun' day='3' tod='0:00' stdoff='1:00' abbrvar='D'/>
	<rule name='Shang' loyear='1940' hiyear='1941' month='Oct' day='1' tod='0:00' stdoff='0' abbrvar='S'/>
	<rule name='Shang' loyear='1941' hiyear='only' month='Mar' day='16' tod='0:00' stdoff='1:00' abbrvar='D'/>
	<rule name='PRC' loyear='1949' hiyear='only' month='Jan' day='1' tod='0:00' stdoff='0' abbrvar='S'/>
	<rule name='PRC' loyear='1986' hiyear='only' month='May' day='4' tod='0:00' stdoff='1:00' abbrvar='D'/>
	<rule name='PRC' loyear='1986' hiyear='1991' month='Sep' day='Sun&gt;=11' tod='0:00' stdoff='0' abbrvar='S'/>
	<rule name='PRC' loyear='1987' hiyear='1991' month='Apr' day='Sun&gt;=10' tod='0:00' stdoff='1:00' abbrvar='D'/>
<!-- Zone	NAME		GMTOFF	RULES	FORMAT	[UNTIL] -->
	<!-- or Haerbin -->
	<zone name='Asia/Harbin' gmtoff='8:26:44' format='LMT' tilyear='1928'>
		<!-- Harbin Time -->
		<zcont gmtoff='8:30' format='HART' tilyear='1932' tilmonth='Mar'/>
		<zcont gmtoff='8:00' format='CST' tilyear='1940'/>
		<zcont gmtoff='9:00' format='HART' tilyear='1966' tilmonth='May'/>
		<zcont gmtoff='8:30' format='HART' tilyear='1980' tilmonth='May'/>
		<zcont gmtoff='8:00' rule='PRC' format='C%sT'/>
	</zone>
	<zone name='Asia/Shanghai' gmtoff='8:05:52' format='LMT' tilyear='1928'>
		<zcont gmtoff='8:00' rule='Shang' format='C%sT' tilyear='1949'/>
		<zcont gmtoff='8:00' rule='PRC' format='C%sT'/>
	</zone>
	<!-- or Chongqing -->
	<zone name='Asia/Chungking' gmtoff='7:06:20' format='LMT' tilyear='1928'>
		<!-- Chungking Time -->
		<zcont gmtoff='7:00' format='CHUT' tilyear='1980' tilmonth='May'/>
		<zcont gmtoff='8:00' rule='PRC' format='C%sT'/>
	</zone>
	<!-- or Urumchi -->
	<zone name='Asia/Urumqi' gmtoff='5:50:20' format='LMT' tilyear='1928'>
		<!-- Urumqi Time -->
		<zcont gmtoff='6:00' format='URUT' tilyear='1980' tilmonth='May'/>
		<zcont gmtoff='8:00' rule='PRC' format='C%sT'/>
	</zone>
	<!-- or Kashi or Kaxgar -->
	<zone name='Asia/Kashgar' gmtoff='5:03:56' format='LMT' tilyear='1928'>
		<!-- Kashgar Time -->
		<zcont gmtoff='5:30' format='KAST' tilyear='1940'/>
		<zcont gmtoff='5:00' format='KAST' tilyear='1980' tilmonth='May'/>
		<zcont gmtoff='8:00' rule='PRC' format='C%sT'/>
	</zone>
<!-- Hong Kong (Xianggang) -->
<!-- Rule	NAME	FROM	TO	TYPE	IN	ON	AT	SAVE	LETTER/S -->
	<rule name='HK' loyear='1946' hiyear='only' month='Apr' day='20' tod='3:30' stdoff='1:00' abbrvar='S'/>
	<rule name='HK' loyear='1946' hiyear='only' month='Dec' day='1' tod='3:30' stdoff='0'/>
	<rule name='HK' loyear='1947' hiyear='only' month='Apr' day='13' tod='3:30' stdoff='1:00' abbrvar='S'/>
	<rule name='HK' loyear='1947' hiyear='only' month='Dec' day='30' tod='3:30' stdoff='0'/>
	<rule name='HK' loyear='1948' hiyear='only' month='May' day='2' tod='3:30' stdoff='1:00' abbrvar='S'/>
	<rule name='HK' loyear='1948' hiyear='1952' month='Oct' day='lastSun' tod='3:30' stdoff='0'/>
	<rule name='HK' loyear='1949' hiyear='1953' month='Apr' day='Sun&gt;=1' tod='3:30' stdoff='1:00' abbrvar='S'/>
	<rule name='HK' loyear='1953' hiyear='only' month='Nov' day='1' tod='3:30' stdoff='0'/>
	<rule name='HK' loyear='1954' hiyear='1964' month='Mar' day='Sun&gt;=18' tod='3:30' stdoff='1:00' abbrvar='S'/>
	<rule name='HK' loyear='1954' hiyear='only' month='Oct' day='31' tod='3:30' stdoff='0'/>
	<rule name='HK' loyear='1955' hiyear='1964' month='Nov' day='Sun&gt;=1' tod='3:30' stdoff='0'/>
	<rule name='HK' loyear='1965' hiyear='1977' month='Apr' day='Sun&gt;=16' tod='3:30' stdoff='1:00' abbrvar='S'/>
	<rule name='HK' loyear='1965' hiyear='1977' month='Oct' day='Sun&gt;=16' tod='3:30' stdoff='0'/>
	<rule name='HK' loyear='1979' hiyear='1980' month='May' day='Sun&gt;=8' tod='3:30' stdoff='1:00' abbrvar='S'/>
	<rule name='HK' loyear='1979' hiyear='1980' month='Oct' day='Sun&gt;=16' tod='3:30' stdoff='0'/>
<!-- Zone	NAME		GMTOFF	RULES	FORMAT	[UNTIL] -->
	<zone name='Asia/Hong_Kong' gmtoff='7:36:36' format='LMT' tilyear='1904' tilmonth='Oct' tilday='30'>
		<zcont gmtoff='8:00' rule='HK' format='HK%sT'/>
	</zone>




<!-- Taiwan -->

<!-- Shanks writes that Taiwan observed DST during 1945, when it -->
<!-- was still controlled by Japan.  This is hard to believe, but we don't -->
<!-- have any other information. -->

<!-- Rule	NAME	FROM	TO	TYPE	IN	ON	AT	SAVE	LETTER/S -->
	<rule name='Taiwan' loyear='1945' hiyear='1951' month='May' day='1' tod='0:00' stdoff='1:00' abbrvar='D'/>
	<rule name='Taiwan' loyear='1945' hiyear='1951' month='Oct' day='1' tod='0:00' stdoff='0' abbrvar='S'/>
	<rule name='Taiwan' loyear='1952' hiyear='only' month='Mar' day='1' tod='0:00' stdoff='1:00' abbrvar='D'/>
	<rule name='Taiwan' loyear='1952' hiyear='1954' month='Nov' day='1' tod='0:00' stdoff='0' abbrvar='S'/>
	<rule name='Taiwan' loyear='1953' hiyear='1959' month='Apr' day='1' tod='0:00' stdoff='1:00' abbrvar='D'/>
	<rule name='Taiwan' loyear='1955' hiyear='1961' month='Oct' day='1' tod='0:00' stdoff='0' abbrvar='S'/>
	<rule name='Taiwan' loyear='1960' hiyear='1961' month='Jun' day='1' tod='0:00' stdoff='1:00' abbrvar='D'/>
	<rule name='Taiwan' loyear='1974' hiyear='1975' month='Apr' day='1' tod='0:00' stdoff='1:00' abbrvar='D'/>
	<rule name='Taiwan' loyear='1974' hiyear='1975' month='Oct' day='1' tod='0:00' stdoff='0' abbrvar='S'/>
	<rule name='Taiwan' loyear='1980' hiyear='only' month='Jun' day='30' tod='0:00' stdoff='1:00' abbrvar='D'/>
	<rule name='Taiwan' loyear='1980' hiyear='only' month='Sep' day='30' tod='0:00' stdoff='0' abbrvar='S'/>
<!-- Zone	NAME		GMTOFF	RULES	FORMAT	[UNTIL] -->
	<zone name='Asia/Taipei' gmtoff='8:06:00' format='LMT' tilyear='1896'>
		<zcont gmtoff='8:00' rule='Taiwan' format='C%sT'/>
	</zone>

<!-- Macao (Macau, Aomen) -->
<!-- Rule	NAME	FROM	TO	TYPE	IN	ON	AT	SAVE	LETTER/S -->
	<rule name='Macao' loyear='1961' hiyear='1962' month='Mar' day='Sun&gt;=16' tod='3:30' stdoff='1:00' abbrvar='S'/>
	<rule name='Macao' loyear='1961' hiyear='1964' month='Nov' day='Sun&gt;=1' tod='3:30' stdoff='0'/>
	<rule name='Macao' loyear='1963' hiyear='only' month='Mar' day='Sun&gt;=16' tod='0:00' stdoff='1:00' abbrvar='S'/>
	<rule name='Macao' loyear='1964' hiyear='only' month='Mar' day='Sun&gt;=16' tod='3:30' stdoff='1:00' abbrvar='S'/>
	<rule name='Macao' loyear='1965' hiyear='only' month='Mar' day='Sun&gt;=16' tod='0:00' stdoff='1:00' abbrvar='S'/>
	<rule name='Macao' loyear='1965' hiyear='only' month='Oct' day='31' tod='0:00' stdoff='0'/>
	<rule name='Macao' loyear='1966' hiyear='1971' month='Apr' day='Sun&gt;=16' tod='3:30' stdoff='1:00' abbrvar='S'/>
	<rule name='Macao' loyear='1966' hiyear='1971' month='Oct' day='Sun&gt;=16' tod='3:30' stdoff='0'/>
	<rule name='Macao' loyear='1972' hiyear='1974' month='Apr' day='Sun&gt;=15' tod='0:00' stdoff='1:00' abbrvar='S'/>
	<rule name='Macao' loyear='1972' hiyear='1973' month='Oct' day='Sun&gt;=15' tod='0:00' stdoff='0'/>
	<rule name='Macao' loyear='1974' hiyear='1977' month='Oct' day='Sun&gt;=15' tod='3:30' stdoff='0'/>
	<rule name='Macao' loyear='1975' hiyear='1977' month='Apr' day='Sun&gt;=15' tod='3:30' stdoff='1:00' abbrvar='S'/>
	<rule name='Macao' loyear='1978' hiyear='1980' month='Apr' day='Sun&gt;=15' tod='0:00' stdoff='1:00' abbrvar='S'/>
	<rule name='Macao' loyear='1978' hiyear='1980' month='Oct' day='Sun&gt;=15' tod='0:00' stdoff='0'/>
<!-- Zone	NAME		GMTOFF	RULES	FORMAT	[UNTIL] -->
	<zone name='Asia/Macao' gmtoff='7:34:20' format='LMT' tilyear='1912'>
		<!-- return to China -->
		<zcont gmtoff='8:00' rule='Macao' format='MO%sT' tilyear='1999' tilmonth='Dec' tilday='20'/>
		<zcont gmtoff='8:00' rule='PRC' format='C%sT'/>
	</zone>




<!-- Cyprus -->
<!-- Rule	NAME	FROM	TO	TYPE	IN	ON	AT	SAVE	LETTER/S -->
	<rule name='Cyprus' loyear='1975' hiyear='only' month='Apr' day='13' tod='0:00' stdoff='1:00' abbrvar='S'/>
	<rule name='Cyprus' loyear='1975' hiyear='only' month='Oct' day='12' tod='0:00' stdoff='0'/>
	<rule name='Cyprus' loyear='1976' hiyear='only' month='May' day='15' tod='0:00' stdoff='1:00' abbrvar='S'/>
	<rule name='Cyprus' loyear='1976' hiyear='only' month='Oct' day='11' tod='0:00' stdoff='0'/>
	<rule name='Cyprus' loyear='1977' hiyear='1980' month='Apr' day='Sun&gt;=1' tod='0:00' stdoff='1:00' abbrvar='S'/>
	<rule name='Cyprus' loyear='1977' hiyear='only' month='Sep' day='25' tod='0:00' stdoff='0'/>
	<rule name='Cyprus' loyear='1978' hiyear='only' month='Oct' day='2' tod='0:00' stdoff='0'/>
	<rule name='Cyprus' loyear='1979' hiyear='1997' month='Sep' day='lastSun' tod='0:00' stdoff='0'/>
	<rule name='Cyprus' loyear='1981' hiyear='1998' month='Mar' day='lastSun' tod='0:00' stdoff='1:00' abbrvar='S'/>
<!-- Zone	NAME		GMTOFF	RULES	FORMAT	[UNTIL] -->
	<zone name='Asia/Nicosia' gmtoff='2:13:28' format='LMT' tilyear='1921' tilmonth='Nov' tilday='14'>
		<zcont gmtoff='2:00' rule='Cyprus' format='EE%sT' tilyear='1998' tilmonth='Sep'/>
		<zcont gmtoff='2:00' rule='EUAsia' format='EE%sT'/>
	</zone>
<!-- IATA SSIM (1998-09) has Cyprus using EU rules for the first time. -->

<!-- Classically, Cyprus belongs to Asia; e.g. see Herodotus, Histories, I.72. -->
<!-- However, for various reasons many users expect to find it under Europe. -->
	<link from='Asia/Nicosia' to='Europe/Nicosia'/>

<!-- Georgia -->
<!-- From Paul Eggert <eggert@twinsun.com> (1994-11-19): -->
<!-- Today's _Economist_ (p 60) reports that Georgia moved its clocks forward -->
<!-- an hour recently, due to a law proposed by Zurab Murvanidze, -->
<!-- an MP who went on a hunger strike for 11 days to force discussion about it! -->
<!-- We have no details, but we'll guess they didn't move the clocks back in fall. -->

<!-- From Mathew Englander <mathew@io.org>, quoting AP (1996-10-23 13:05-04): -->
<!-- Instead of putting back clocks at the end of October, Georgia -->
<!-- will stay on daylight savings time this winter to save energy, -->
<!-- President Eduard Shevardnadze decreed Wednesday. -->
<!-- Zone	NAME		GMTOFF	RULES	FORMAT	[UNTIL] -->
	<zone name='Asia/Tbilisi' gmtoff='2:59:16' format='LMT' tilyear='1880'>
		<!-- Tbilisi Mean Time -->
		<zcont gmtoff='2:59:16' format='TBMT' tilyear='1924' tilmonth='May' tilday='2'/>
		<!-- Tbilisi Time -->
		<zcont gmtoff='3:00' format='TBIT' tilyear='1957' tilmonth='Mar'/>
		<zcont gmtoff='4:00' rule='RussiaAsia' format='TBI%sT' tilyear='1991' tilmonth='Mar' tilday='31' tiltime='2:00s'/>
		<!-- independence -->
		<zcont gmtoff='3:00' rule='1:00' format='TBIST' tilyear='1991' tilmonth='Apr' tilday='9'/>
		<!-- Georgia Time -->
		<zcont gmtoff='3:00' rule='RussiaAsia' format='GE%sT' tilyear='1992'/>
		<zcont gmtoff='3:00' rule='E-EurAsia' format='GE%sT' tilyear='1994' tilmonth='Sep' tilday='lastSun'/>
		<zcont gmtoff='4:00' rule='E-EurAsia' format='GE%sT' tilyear='1996' tilmonth='Oct' tilday='lastSun'/>
		<zcont gmtoff='4:00' rule='1:00' format='GEST' tilyear='1997' tilmonth='Mar' tilday='lastSun'/>
		<zcont gmtoff='4:00' rule='E-EurAsia' format='GE%sT'/>
	</zone>

<!-- East Timor -->

<!-- From Joao Carrascalao, brother of the former governor of East Timor, in -->
<!-- <a href="http://etan.org/et99c/december/26-31/30ETMAY.htm"> -->
<!-- East Timor may be late for its millennium -->
<!-- </a> (1999-12-26/31): -->
<!-- Portugal tried to change the time forward in 1974 because the sun -->
<!-- rises too early but the suggestion raised a lot of problems with the -->
<!-- Timorese and I still don't think it would work today because it -->
<!-- conflicts with their way of life. -->

<!-- From Paul Eggert (2000-12-04): -->
<!-- We don't have any record of the above attempt. -->
<!-- Most likely our records are incomplete, but we have no better data. -->

<!-- <a href="http://www.hri.org/news/world/undh/last/00-08-16.undh.html"> -->
<!-- From Manoel de Almeida e Silva, Deputy Spokesman for the UN Secretary-General -->
<!-- (2000-08-16)</a>: -->
<!-- The Cabinet of the East Timor Transition Administration decided -->
<!-- today to advance East Timor's time by one hour.  The time change, -->
<!-- which will be permanent, with no seasonal adjustment, will happen at -->
<!-- midnight on Saturday, September 16. -->

<!-- Zone	NAME		GMTOFF	RULES	FORMAT	[UNTIL] -->
	<zone name='Asia/Dili' gmtoff='8:22:20' format='LMT' tilyear='1912'>
		<!-- E Timor Time -->
		<zcont gmtoff='8:00' format='TPT' tilyear='1942' tilmonth='Feb' tilday='21' tiltime='23:00'/>
		<zcont gmtoff='9:00' format='JST' tilyear='1945' tilmonth='Aug'/>
		<zcont gmtoff='9:00' format='TPT' tilyear='1976' tilmonth='May' tilday='3'/>
		<zcont gmtoff='8:00' format='TPT' tilyear='2000' tilmonth='Sep' tilday='17' tiltime='00:00'/>
		<zcont gmtoff='9:00' format='TPT'/>
	</zone>

<!-- India -->
<!-- Zone	NAME		GMTOFF	RULES	FORMAT	[UNTIL] -->
	<zone name='Asia/Calcutta' gmtoff='5:53:28' format='LMT' tilyear='1880'>
		<!-- Howrah Mean Time? -->
		<zcont gmtoff='5:53:20' format='HMT' tilyear='1941' tilmonth='Oct'/>
		<!-- Burma Time -->
		<zcont gmtoff='6:30' format='BURT' tilyear='1942' tilmonth='May' tilday='15'/>
		<zcont gmtoff='5:30' format='IST' tilyear='1942' tilmonth='Sep'/>
		<zcont gmtoff='5:30' rule='1:00' format='IST' tilyear='1945' tilmonth='Oct' tilday='15'/>
		<zcont gmtoff='5:30' format='IST'/>
	</zone>
<!-- The following are like Asia/Calcutta: -->
<!-- Andaman Is -->
<!-- Lakshadweep (Laccadive, Minicoy and Amindivi Is) -->
<!-- Nicobar Is -->

<!-- Indonesia -->
<!-- Zone	NAME		GMTOFF	RULES	FORMAT	[UNTIL] -->
	<zone name='Asia/Jakarta' gmtoff='7:07:12' format='LMT' tilyear='1867' tilmonth='Aug' tilday='10'>
	<!-- Shanks says the next transition was at 1924 Jan 1 0:13, -->
	<!-- but this must be a typo. -->
		<!-- Jakarta -->
		<zcont gmtoff='7:07:12' format='JMT' tilyear='1923' tilmonth='Dec' tilday='31' tiltime='23:47:12'/>
		<!-- Java Time -->
		<zcont gmtoff='7:20' format='JAVT' tilyear='1932' tilmonth='Nov'/>
		<zcont gmtoff='7:30' format='JAVT' tilyear='1942' tilmonth='Mar' tilday='23'/>
		<zcont gmtoff='9:00' format='JST' tilyear='1945' tilmonth='Aug'/>
		<zcont gmtoff='7:30' format='JAVT' tilyear='1948' tilmonth='May'/>
		<zcont gmtoff='8:00' format='JAVT' tilyear='1950' tilmonth='May'/>
		<zcont gmtoff='7:30' format='JAVT' tilyear='1964'/>
		<zcont gmtoff='7:00' format='JAVT'/>
	</zone>
	<zone name='Asia/Ujung_Pandang' gmtoff='7:57:36' format='LMT' tilyear='1920'>
		<!-- Macassar MT -->
		<zcont gmtoff='7:57:36' format='MMT' tilyear='1932' tilmonth='Nov'/>
		<!-- Borneo Time -->
		<zcont gmtoff='8:00' format='BORT' tilyear='1942' tilmonth='Feb' tilday='9'/>
		<zcont gmtoff='9:00' format='JST' tilyear='1945' tilmonth='Aug'/>
		<zcont gmtoff='8:00' format='BORT'/>
	</zone>
	<zone name='Asia/Jayapura' gmtoff='9:22:48' format='LMT' tilyear='1932' tilmonth='Nov'>
		<!-- Jayapura Time -->
		<zcont gmtoff='9:00' format='JAYT' tilyear='1944'/>
		<zcont gmtoff='9:30' format='CST' tilyear='1964'/>
		<zcont gmtoff='9:00' format='JAYT'/>
	</zone>

<!-- Iran -->
<!-- From Paul Eggert (2000-06-12), following up a suggestion by Rich Wales: -->
<!-- Ahmea Alavi in -->
<!-- <a href="http://www.persia.org/Iran_Lib/Calendar/taghveem.txt"> -->
<!-- TAGHVEEM (1993-07-12) -->
<!-- </a> -->
<!-- writes ``Daylight saving time in Iran starts from the first day -->
<!-- of Farvardin and ends the first day of Mehr.''  This disagrees with the SSIM: -->

<!-- DST start	   DST end -->
<!-- year	SSIM	Alavi	SSIM	Alavi -->
<!-- 1991	05-03!=	03-21	09-20!=	09-23 -->
<!-- 1992	03-22!=	03-21	09-23	09-23 -->
<!-- 1993	03-21	03-21	09-23	09-23 -->
<!-- 1994	03-21	03-21	09-22!= 09-23 -->
<!-- 1995	03-21	03-21	09-22!= 09-23 -->
<!-- 1996	03-21!=	03-20	09-22   09-22 -->
<!-- 1997	03-22!=	03-21	09-22!= 09-23 -->
<!-- 1998	03-21	03-21	09-21!= 09-23 -->
<!-- 1999	03-22!=	03-21	09-22!= 09-23 -->
<!-- 2000	03-21!=	03-20	09-21!= 09-22 -->
<!-- 2001	03-19!=	03-21	09-19!= 09-23 -->
<!-- 2002	03-18!=	03-21	09-18!= 09-23 -->

<!-- Go with Alavi starting with 1992. -->
<!-- I used Ed Reingold's cal-persia in GNU Emacs 19.34 to compute Persian dates. -->
<!-- The Persian calendar is based on the sun, and dates after around 2050 -->
<!-- are approximate; stop after 2037 when 32-bit time_t's overflow. -->

<!-- Rule	NAME	FROM	TO	TYPE	IN	ON	AT	SAVE	LETTER/S -->
	<rule name='Iran' loyear='1978' hiyear='1980' month='Mar' day='21' tod='0:00' stdoff='1:00' abbrvar='S'/>
	<rule name='Iran' loyear='1978' hiyear='only' month='Oct' day='21' tod='0:00' stdoff='0'/>
	<rule name='Iran' loyear='1979' hiyear='only' month='Sep' day='19' tod='0:00' stdoff='0'/>
	<rule name='Iran' loyear='1980' hiyear='only' month='Sep' day='23' tod='0:00' stdoff='0'/>
	<rule name='Iran' loyear='1991' hiyear='only' month='May' day='3' tod='0:00s' stdoff='1:00' abbrvar='S'/>
	<rule name='Iran' loyear='1991' hiyear='only' month='Sep' day='20' tod='0:00s' stdoff='0'/>
	<rule name='Iran' loyear='1992' hiyear='1995' month='Mar' day='21' tod='0:00' stdoff='1:00' abbrvar='S'/>
	<rule name='Iran' loyear='1992' hiyear='1995' month='Sep' day='23' tod='0:00' stdoff='0'/>
	<rule name='Iran' loyear='1996' hiyear='only' month='Mar' day='20' tod='0:00' stdoff='1:00' abbrvar='S'/>
	<rule name='Iran' loyear='1996' hiyear='only' month='Sep' day='22' tod='0:00' stdoff='0'/>
	<rule name='Iran' loyear='1997' hiyear='1999' month='Mar' day='21' tod='0:00' stdoff='1:00' abbrvar='S'/>
	<rule name='Iran' loyear='1997' hiyear='1999' month='Sep' day='23' tod='0:00' stdoff='0'/>
	<rule name='Iran' loyear='2000' hiyear='only' month='Mar' day='20' tod='0:00' stdoff='1:00' abbrvar='S'/>
	<rule name='Iran' loyear='2000' hiyear='only' month='Sep' day='22' tod='0:00' stdoff='0'/>
	<rule name='Iran' loyear='2001' hiyear='2003' month='Mar' day='21' tod='0:00' stdoff='1:00' abbrvar='S'/>
	<rule name='Iran' loyear='2001' hiyear='2003' month='Sep' day='23' tod='0:00' stdoff='0'/>
	<rule name='Iran' loyear='2004' hiyear='only' month='Mar' day='20' tod='0:00' stdoff='1:00' abbrvar='S'/>
	<rule name='Iran' loyear='2004' hiyear='only' month='Sep' day='22' tod='0:00' stdoff='0'/>
	<rule name='Iran' loyear='2005' hiyear='2007' month='Mar' day='21' tod='0:00' stdoff='1:00' abbrvar='S'/>
	<rule name='Iran' loyear='2005' hiyear='2007' month='Sep' day='23' tod='0:00' stdoff='0'/>
	<rule name='Iran' loyear='2008' hiyear='only' month='Mar' day='20' tod='0:00' stdoff='1:00' abbrvar='S'/>
	<rule name='Iran' loyear='2008' hiyear='only' month='Sep' day='22' tod='0:00' stdoff='0'/>
	<rule name='Iran' loyear='2009' hiyear='2011' month='Mar' day='21' tod='0:00' stdoff='1:00' abbrvar='S'/>
	<rule name='Iran' loyear='2009' hiyear='2011' month='Sep' day='23' tod='0:00' stdoff='0'/>
	<rule name='Iran' loyear='2012' hiyear='only' month='Mar' day='20' tod='0:00' stdoff='1:00' abbrvar='S'/>
	<rule name='Iran' loyear='2012' hiyear='only' month='Sep' day='22' tod='0:00' stdoff='0'/>
	<rule name='Iran' loyear='2013' hiyear='2015' month='Mar' day='21' tod='0:00' stdoff='1:00' abbrvar='S'/>
	<rule name='Iran' loyear='2013' hiyear='2015' month='Sep' day='23' tod='0:00' stdoff='0'/>
	<rule name='Iran' loyear='2016' hiyear='only' month='Mar' day='20' tod='0:00' stdoff='1:00' abbrvar='S'/>
	<rule name='Iran' loyear='2016' hiyear='only' month='Sep' day='22' tod='0:00' stdoff='0'/>
	<rule name='Iran' loyear='2017' hiyear='2019' month='Mar' day='21' tod='0:00' stdoff='1:00' abbrvar='S'/>
	<rule name='Iran' loyear='2017' hiyear='2019' month='Sep' day='23' tod='0:00' stdoff='0'/>
	<rule name='Iran' loyear='2020' hiyear='only' month='Mar' day='20' tod='0:00' stdoff='1:00' abbrvar='S'/>
	<rule name='Iran' loyear='2020' hiyear='only' month='Sep' day='22' tod='0:00' stdoff='0'/>
	<rule name='Iran' loyear='2021' hiyear='2023' month='Mar' day='21' tod='0:00' stdoff='1:00' abbrvar='S'/>
	<rule name='Iran' loyear='2021' hiyear='2023' month='Sep' day='23' tod='0:00' stdoff='0'/>
	<rule name='Iran' loyear='2024' hiyear='2025' month='Mar' day='20' tod='0:00' stdoff='1:00' abbrvar='S'/>
	<rule name='Iran' loyear='2024' hiyear='2025' month='Sep' day='22' tod='0:00' stdoff='0'/>
	<rule name='Iran' loyear='2026' hiyear='2027' month='Mar' day='21' tod='0:00' stdoff='1:00' abbrvar='S'/>
	<rule name='Iran' loyear='2026' hiyear='2027' month='Sep' day='23' tod='0:00' stdoff='0'/>
	<rule name='Iran' loyear='2028' hiyear='2029' month='Mar' day='20' tod='0:00' stdoff='1:00' abbrvar='S'/>
	<rule name='Iran' loyear='2028' hiyear='2029' month='Sep' day='22' tod='0:00' stdoff='0'/>
	<rule name='Iran' loyear='2030' hiyear='2031' month='Mar' day='21' tod='0:00' stdoff='1:00' abbrvar='S'/>
	<rule name='Iran' loyear='2030' hiyear='2031' month='Sep' day='23' tod='0:00' stdoff='0'/>
	<rule name='Iran' loyear='2032' hiyear='2033' month='Mar' day='20' tod='0:00' stdoff='1:00' abbrvar='S'/>
	<rule name='Iran' loyear='2032' hiyear='2033' month='Sep' day='22' tod='0:00' stdoff='0'/>
	<rule name='Iran' loyear='2034' hiyear='2035' month='Mar' day='21' tod='0:00' stdoff='1:00' abbrvar='S'/>
	<rule name='Iran' loyear='2034' hiyear='2035' month='Sep' day='23' tod='0:00' stdoff='0'/>
	<rule name='Iran' loyear='2036' hiyear='2037' month='Mar' day='20' tod='0:00' stdoff='1:00' abbrvar='S'/>
	<rule name='Iran' loyear='2036' hiyear='2037' month='Sep' day='22' tod='0:00' stdoff='0'/>
<!-- Zone	NAME		GMTOFF	RULES	FORMAT	[UNTIL] -->
	<zone name='Asia/Tehran' gmtoff='3:25:44' format='LMT' tilyear='1916'>
		<!-- Tehran Mean Time -->
		<zcont gmtoff='3:25:44' format='TMT' tilyear='1946'/>
		<zcont gmtoff='3:30' format='IRT' tilyear='1977' tilmonth='Nov'/>
		<zcont gmtoff='4:00' rule='Iran' format='IR%sT' tilyear='1979'/>
		<zcont gmtoff='3:30' rule='Iran' format='IR%sT'/>
	</zone>


<!-- Iraq -->

<!-- From Jonathan Lennox <lennox@cs.columbia.edu> (2000-06-12): -->
<!-- An article in this week's Economist ("Inside the Saddam-free zone", p. 50 in -->
<!-- the U.S. edition) on the Iraqi Kurds contains a paragraph:  -->
<!-- "The three northern provinces ... switched their clocks this spring and -->
<!-- are an hour ahead of Baghdad." -->

<!-- But Rives McDow (2000-06-18) quotes a contact in Iraqi-Kurdistan as follows: -->
<!-- In the past, some Kurdish nationalists, as a protest to the Iraqi -->
<!-- Government, did not adhere to daylight saving time.  They referred -->
<!-- to daylight saving as Saddam time.  But, as of today, the time zone -->
<!-- in Iraqi-Kurdistan is on standard time with Baghdad, Iraq. -->

<!-- So we'll ignore the Economist's claim. -->

<!-- Rule	NAME	FROM	TO	TYPE	IN	ON	AT	SAVE	LETTER/S -->
	<rule name='Iraq' loyear='1982' hiyear='only' month='May' day='1' tod='0:00' stdoff='1:00' abbrvar='D'/>
	<rule name='Iraq' loyear='1982' hiyear='1984' month='Oct' day='1' tod='0:00' stdoff='0' abbrvar='S'/>
	<rule name='Iraq' loyear='1983' hiyear='only' month='Mar' day='31' tod='0:00' stdoff='1:00' abbrvar='D'/>
	<rule name='Iraq' loyear='1984' hiyear='1985' month='Apr' day='1' tod='0:00' stdoff='1:00' abbrvar='D'/>
	<rule name='Iraq' loyear='1985' hiyear='1990' month='Sep' day='lastSun' tod='1:00s' stdoff='0' abbrvar='S'/>
	<rule name='Iraq' loyear='1986' hiyear='1990' month='Mar' day='lastSun' tod='1:00s' stdoff='1:00' abbrvar='D'/>
<!-- IATA SSIM (1991/1996) says Apr 1 12:01am UTC; guess the `:01' is a typo. -->
<!-- Shanks says Iraq did not observe DST 1992/1997 or 1999 on; ignore this. -->
	<rule name='Iraq' loyear='1991' hiyear='max' month='Apr' day='1' tod='3:00s' stdoff='1:00' abbrvar='D'/>
	<rule name='Iraq' loyear='1991' hiyear='max' month='Oct' day='1' tod='3:00s' stdoff='0' abbrvar='S'/>
<!-- Zone	NAME		GMTOFF	RULES	FORMAT	[UNTIL] -->
	<zone name='Asia/Baghdad' gmtoff='2:57:40' format='LMT' tilyear='1890'>
		<!-- Baghdad Mean Time? -->
		<zcont gmtoff='2:57:36' format='BMT' tilyear='1918'/>
		<zcont gmtoff='3:00' format='AST' tilyear='1982' tilmonth='May'/>
		<zcont gmtoff='3:00' rule='Iraq' format='A%sT'/>
	</zone>




<!-- Israel -->

<!-- From U. S. Naval Observatory (1989-01-19): -->
<!-- ISRAEL              2 H  AHEAD OF UTC -->
<!-- ISRAEL              3 H  AHEAD OF UTC  APR 10 - SEP 3 -->

<!-- From Shanks: -->
<!-- Rule	NAME	FROM	TO	TYPE	IN	ON	AT	SAVE	LETTER/S -->
	<rule name='Zion' loyear='1940' hiyear='only' month='Jun' day='1' tod='0:00' stdoff='1:00' abbrvar='D'/>
	<rule name='Zion' loyear='1942' hiyear='1944' month='Nov' day='1' tod='0:00' stdoff='0' abbrvar='S'/>
	<rule name='Zion' loyear='1943' hiyear='only' month='Apr' day='1' tod='2:00' stdoff='1:00' abbrvar='D'/>
	<rule name='Zion' loyear='1944' hiyear='only' month='Apr' day='1' tod='0:00' stdoff='1:00' abbrvar='D'/>
	<rule name='Zion' loyear='1945' hiyear='only' month='Apr' day='16' tod='0:00' stdoff='1:00' abbrvar='D'/>
	<rule name='Zion' loyear='1945' hiyear='only' month='Nov' day='1' tod='2:00' stdoff='0' abbrvar='S'/>
	<rule name='Zion' loyear='1946' hiyear='only' month='Apr' day='16' tod='2:00' stdoff='1:00' abbrvar='D'/>
	<rule name='Zion' loyear='1946' hiyear='only' month='Nov' day='1' tod='0:00' stdoff='0' abbrvar='S'/>
	<rule name='Zion' loyear='1948' hiyear='only' month='May' day='23' tod='0:00' stdoff='2:00' abbrvar='DD'/>
	<rule name='Zion' loyear='1948' hiyear='only' month='Sep' day='1' tod='0:00' stdoff='1:00' abbrvar='D'/>
	<rule name='Zion' loyear='1948' hiyear='1949' month='Nov' day='1' tod='2:00' stdoff='0' abbrvar='S'/>
	<rule name='Zion' loyear='1949' hiyear='only' month='May' day='1' tod='0:00' stdoff='1:00' abbrvar='D'/>
	<rule name='Zion' loyear='1950' hiyear='only' month='Apr' day='16' tod='0:00' stdoff='1:00' abbrvar='D'/>
	<rule name='Zion' loyear='1950' hiyear='only' month='Sep' day='15' tod='3:00' stdoff='0' abbrvar='S'/>
	<rule name='Zion' loyear='1951' hiyear='only' month='Apr' day='1' tod='0:00' stdoff='1:00' abbrvar='D'/>
	<rule name='Zion' loyear='1951' hiyear='only' month='Nov' day='11' tod='3:00' stdoff='0' abbrvar='S'/>
	<rule name='Zion' loyear='1952' hiyear='only' month='Apr' day='20' tod='2:00' stdoff='1:00' abbrvar='D'/>
	<rule name='Zion' loyear='1952' hiyear='only' month='Oct' day='19' tod='3:00' stdoff='0' abbrvar='S'/>
	<rule name='Zion' loyear='1953' hiyear='only' month='Apr' day='12' tod='2:00' stdoff='1:00' abbrvar='D'/>
	<rule name='Zion' loyear='1953' hiyear='only' month='Sep' day='13' tod='3:00' stdoff='0' abbrvar='S'/>
	<rule name='Zion' loyear='1954' hiyear='only' month='Jun' day='13' tod='0:00' stdoff='1:00' abbrvar='D'/>
	<rule name='Zion' loyear='1954' hiyear='only' month='Sep' day='12' tod='0:00' stdoff='0' abbrvar='S'/>
	<rule name='Zion' loyear='1955' hiyear='only' month='Jun' day='11' tod='2:00' stdoff='1:00' abbrvar='D'/>
	<rule name='Zion' loyear='1955' hiyear='only' month='Sep' day='11' tod='0:00' stdoff='0' abbrvar='S'/>
	<rule name='Zion' loyear='1956' hiyear='only' month='Jun' day='3' tod='0:00' stdoff='1:00' abbrvar='D'/>
	<rule name='Zion' loyear='1956' hiyear='only' month='Sep' day='30' tod='3:00' stdoff='0' abbrvar='S'/>
	<rule name='Zion' loyear='1957' hiyear='only' month='Apr' day='29' tod='2:00' stdoff='1:00' abbrvar='D'/>
	<rule name='Zion' loyear='1957' hiyear='only' month='Sep' day='22' tod='0:00' stdoff='0' abbrvar='S'/>
	<rule name='Zion' loyear='1974' hiyear='only' month='Jul' day='7' tod='0:00' stdoff='1:00' abbrvar='D'/>
	<rule name='Zion' loyear='1974' hiyear='only' month='Oct' day='13' tod='0:00' stdoff='0' abbrvar='S'/>
	<rule name='Zion' loyear='1975' hiyear='only' month='Apr' day='20' tod='0:00' stdoff='1:00' abbrvar='D'/>
	<rule name='Zion' loyear='1975' hiyear='only' month='Aug' day='31' tod='0:00' stdoff='0' abbrvar='S'/>
	<rule name='Zion' loyear='1985' hiyear='only' month='Apr' day='14' tod='0:00' stdoff='1:00' abbrvar='D'/>
	<rule name='Zion' loyear='1985' hiyear='only' month='Sep' day='15' tod='0:00' stdoff='0' abbrvar='S'/>
	<rule name='Zion' loyear='1986' hiyear='only' month='May' day='18' tod='0:00' stdoff='1:00' abbrvar='D'/>
	<rule name='Zion' loyear='1986' hiyear='only' month='Sep' day='7' tod='0:00' stdoff='0' abbrvar='S'/>
	<rule name='Zion' loyear='1987' hiyear='only' month='Apr' day='15' tod='0:00' stdoff='1:00' abbrvar='D'/>
	<rule name='Zion' loyear='1987' hiyear='only' month='Sep' day='13' tod='0:00' stdoff='0' abbrvar='S'/>
	<rule name='Zion' loyear='1988' hiyear='only' month='Apr' day='9' tod='0:00' stdoff='1:00' abbrvar='D'/>
	<rule name='Zion' loyear='1988' hiyear='only' month='Sep' day='3' tod='0:00' stdoff='0' abbrvar='S'/>

<!-- From Ephraim Silverberg <ephraim@cs.huji.ac.il> -->
<!-- (1997-03-04, 1998-03-16, 1998-12-28, 2000-01-17 and 2000-07-25): -->

<!-- According to the Office of the Secretary General of the Ministry of -->
<!-- Interior, there is NO set rule for Daylight-Savings/Standard time changes. -->
<!-- One thing is entrenched in law, however: that there must be at least 150 -->
<!-- days of daylight savings time annually.  From 1993-1998, the change to -->
<!-- daylight savings time was on a Friday morning from midnight IST to -->
<!-- 1 a.m IDT; up until 1998, the change back to standard time was on a -->
<!-- Saturday night from midnight daylight savings time to 11 p.m. standard -->
<!-- time.  1996 is an exception to this rule where the change back to standard -->
<!-- time took place on Sunday night instead of Saturday night to avoid -->
<!-- conflicts with the Jewish New Year.  In 1999, the change to -->
<!-- daylight savings time was still on a Friday morning but from -->
<!-- 2 a.m. IST to 3 a.m. IDT; furthermore, the change back to standard time -->
<!-- was also on a Friday morning from 2 a.m. IDT to 1 a.m. IST for -->
<!-- 1999 only.  In the year 2000, the change to daylight savings time was -->
<!-- similar to 1999, but although the change back will be on a Friday, it -->
<!-- will take place from 1 a.m. IDT to midnight IST.  Starting in 2001, all -->
<!-- changes to/from will take place at 1 a.m. old time, but now there is no -->
<!-- rule as to what day of the week it will take place in as the start date -->
<!-- (except in 2003) is the night after the Passover Seder (i.e. the eve -->
<!-- of the 16th of Nisan in the lunar Hebrew calendar) and the end date -->
<!-- (except in 2002) is three nights before Yom Kippur [Day of Atonement] -->
<!-- (the eve of the 7th of Tishrei in the lunar Hebrew calendar). -->

<!-- Rule	NAME	FROM	TO	TYPE	IN	ON	AT	SAVE	LETTER/S -->
	<rule name='Zion' loyear='1989' hiyear='only' month='Apr' day='30' tod='0:00' stdoff='1:00' abbrvar='D'/>
	<rule name='Zion' loyear='1989' hiyear='only' month='Sep' day='3' tod='0:00' stdoff='0' abbrvar='S'/>
	<rule name='Zion' loyear='1990' hiyear='only' month='Mar' day='25' tod='0:00' stdoff='1:00' abbrvar='D'/>
	<rule name='Zion' loyear='1990' hiyear='only' month='Aug' day='26' tod='0:00' stdoff='0' abbrvar='S'/>
	<rule name='Zion' loyear='1991' hiyear='only' month='Mar' day='24' tod='0:00' stdoff='1:00' abbrvar='D'/>
	<rule name='Zion' loyear='1991' hiyear='only' month='Sep' day='1' tod='0:00' stdoff='0' abbrvar='S'/>
	<rule name='Zion' loyear='1992' hiyear='only' month='Mar' day='29' tod='0:00' stdoff='1:00' abbrvar='D'/>
	<rule name='Zion' loyear='1992' hiyear='only' month='Sep' day='6' tod='0:00' stdoff='0' abbrvar='S'/>
	<rule name='Zion' loyear='1993' hiyear='only' month='Apr' day='2' tod='0:00' stdoff='1:00' abbrvar='D'/>
	<rule name='Zion' loyear='1993' hiyear='only' month='Sep' day='5' tod='0:00' stdoff='0' abbrvar='S'/>

<!-- The dates for 1994-1995 were obtained from Office of the Spokeswoman for the -->
<!-- Ministry of Interior, Jerusalem, Israel.  The spokeswoman can be reached by -->
<!-- calling the office directly at 972-2-6701447 or 972-2-6701448. -->

<!-- Rule  NAME    FROM    TO      TYPE    IN      ON      AT      SAVE    LETTER/S -->
	<rule name='Zion' loyear='1994' hiyear='only' month='Apr' day='1' tod='0:00' stdoff='1:00' abbrvar='D'/>
	<rule name='Zion' loyear='1994' hiyear='only' month='Aug' day='28' tod='0:00' stdoff='0' abbrvar='S'/>
	<rule name='Zion' loyear='1995' hiyear='only' month='Mar' day='31' tod='0:00' stdoff='1:00' abbrvar='D'/>
	<rule name='Zion' loyear='1995' hiyear='only' month='Sep' day='3' tod='0:00' stdoff='0' abbrvar='S'/>

<!-- The dates for 1996 were determined by the Minister of Interior of the -->
<!-- time, Haim Ramon.  The official announcement regarding 1996-1998 -->
<!-- (with the dates for 1997-1998 no longer being relevant) can be viewed at: -->

<!-- ftp://ftp.huji.ac.il/pub/tz/announcements/1996-1998.ramon.ps.gz -->

<!-- The dates for 1997-1998 were altered by his successor, Rabbi Eli Suissa. -->

<!-- The official announcements for the years 1997-1999 can be viewed at: -->

<!-- ftp://ftp.huji.ac.il/pub/tz/announcements/YYYY.ps.gz -->

<!-- where YYYY is the relevant year. -->

<!-- Rule	NAME	FROM	TO	TYPE	IN	ON	AT	SAVE	LETTER/S -->
	<rule name='Zion' loyear='1996' hiyear='only' month='Mar' day='15' tod='0:00' stdoff='1:00' abbrvar='D'/>
	<rule name='Zion' loyear='1996' hiyear='only' month='Sep' day='16' tod='0:00' stdoff='0' abbrvar='S'/>
	<rule name='Zion' loyear='1997' hiyear='only' month='Mar' day='21' tod='0:00' stdoff='1:00' abbrvar='D'/>
	<rule name='Zion' loyear='1997' hiyear='only' month='Sep' day='14' tod='0:00' stdoff='0' abbrvar='S'/>
	<rule name='Zion' loyear='1998' hiyear='only' month='Mar' day='20' tod='0:00' stdoff='1:00' abbrvar='D'/>
	<rule name='Zion' loyear='1998' hiyear='only' month='Sep' day='6' tod='0:00' stdoff='0' abbrvar='S'/>
	<rule name='Zion' loyear='1999' hiyear='only' month='Apr' day='2' tod='2:00' stdoff='1:00' abbrvar='D'/>
	<rule name='Zion' loyear='1999' hiyear='only' month='Sep' day='3' tod='2:00' stdoff='0' abbrvar='S'/>

<!-- The Knesset Interior Committee has changed the dates for 2000 for -->
<!-- the third time in just over a year and have set new dates for the -->
<!-- years 2001-2004 as well. -->

<!-- The official announcement for the start date of 2000 can be viewed at: -->

<!-- ftp://ftp.huji.ac.il/pub/tz/announcements/2000-start.ps.gz -->

<!-- The official announcement for the end date of 2000 and the dates -->
<!-- for the years 2001-2004 can be viewed at: -->

<!-- ftp://ftp.huji.ac.il/pub/tz/announcements/2000-2004.ps.gz -->

<!-- Rule	NAME	FROM	TO	TYPE	IN	ON	AT	SAVE	LETTER/S -->
	<rule name='Zion' loyear='2000' hiyear='only' month='Apr' day='14' tod='2:00' stdoff='1:00' abbrvar='D'/>
	<rule name='Zion' loyear='2000' hiyear='only' month='Oct' day='6' tod='1:00' stdoff='0' abbrvar='S'/>
	<rule name='Zion' loyear='2001' hiyear='only' month='Apr' day='9' tod='1:00' stdoff='1:00' abbrvar='D'/>
	<rule name='Zion' loyear='2001' hiyear='only' month='Sep' day='24' tod='1:00' stdoff='0' abbrvar='S'/>
	<rule name='Zion' loyear='2002' hiyear='only' month='Mar' day='29' tod='1:00' stdoff='1:00' abbrvar='D'/>
	<rule name='Zion' loyear='2002' hiyear='only' month='Oct' day='7' tod='1:00' stdoff='0' abbrvar='S'/>
	<rule name='Zion' loyear='2003' hiyear='only' month='Mar' day='28' tod='1:00' stdoff='1:00' abbrvar='D'/>
	<rule name='Zion' loyear='2003' hiyear='only' month='Oct' day='3' tod='1:00' stdoff='0' abbrvar='S'/>
	<rule name='Zion' loyear='2004' hiyear='only' month='Apr' day='7' tod='1:00' stdoff='1:00' abbrvar='D'/>
	<rule name='Zion' loyear='2004' hiyear='only' month='Sep' day='22' tod='1:00' stdoff='0' abbrvar='S'/>

<!-- From Paul Eggert (2000-07-25): -->
<!-- Here are guesses for rules after 2004. -->
<!-- They are probably wrong, but they are more likely than no DST at all. -->
<!-- Rule  NAME    FROM    TO      TYPE    IN      ON      AT      SAVE    LETTER/S -->
	<rule name='Zion' loyear='2005' hiyear='max' month='Apr' day='1' tod='1:00' stdoff='1:00' abbrvar='D'/>
	<rule name='Zion' loyear='2005' hiyear='max' month='Oct' day='1' tod='1:00' stdoff='0' abbrvar='S'/>

<!-- Zone	NAME		GMTOFF	RULES	FORMAT	[UNTIL] -->
	<zone name='Asia/Jerusalem' gmtoff='2:20:56' format='LMT' tilyear='1880'>
		<!-- Jerusalem Mean Time? -->
		<zcont gmtoff='2:20:40' format='JMT' tilyear='1918'/>
		<zcont gmtoff='2:00' rule='Zion' format='I%sT'/>
	</zone>




<!-- Japan -->

<!-- `9:00' and `JST' is from Guy Harris. -->

<!-- From Paul Eggert <eggert@twinsun.com> (1995-03-06): -->
<!-- Today's _Asahi Evening News_ (page 4) reports that Japan had -->
<!-- daylight saving between 1948 and 1951, but ``the system was discontinued -->
<!-- because the public believed it would lead to longer working hours.'' -->
<!-- Shanks writes that daylight saving in Japan during those years was as follows: -->
<!-- Rule	NAME	FROM	TO	TYPE	IN	ON	AT	SAVE	LETTER/S -->
<!-- Rule	Japan	1948	only	-	May	Sun>=1	2:00	1:00	D -->
<!-- Rule	Japan	1948	1951	-	Sep	Sat>=8	2:00	0	S -->
<!-- Rule	Japan	1949	only	-	Apr	Sun>=1	2:00	1:00	D -->
<!-- Rule	Japan	1950	1951	-	May	Sun>=1	2:00	1:00	D -->
<!-- but the only locations using it were US military bases. -->
<!-- We go with Shanks and omit daylight saving in those years for Asia/Tokyo. -->

<!-- From Hideyuki Suzuki (1998-11-09): -->
<!-- 'Tokyo' usually stands for the former location of Tokyo Astronomical -->
<!-- Observatory: E 139 44' 40".90 (9h 18m 58s.727), N 35 39' 16".0. -->
<!-- This data is from 'Rika Nenpyou (Chronological Scientific Tables) 1996' -->
<!-- edited by National Astronomical Observatory of Japan.... -->
<!-- JST (Japan Standard Time) has been used since 1888-01-01 00:00 (JST). -->
<!-- The law is enacted on 1886-07-07. -->

<!-- From Hideyuki Suzuki (1998-11-16): -->
<!-- The ordinance No. 51 (1886) established "standard time" in Japan, -->
<!-- which stands for the time on E 135 degree. -->
<!-- In the ordinance No. 167 (1895), "standard time" was renamed to "central -->
<!-- standard time".  And the same ordinance also established "western standard -->
<!-- time", which stands for the time on E 120 degree....  But "western standard -->
<!-- time" was abolished in the ordinance No. 529 (1937).  In the ordinance No. -->
<!-- 167, there is no mention regarding for what place western standard time is -->
<!-- standard.... -->

<!-- I wrote "ordinance" above, but I don't know how to translate. -->
<!-- In Japanese it's "chokurei", which means ordinance from emperor. -->

<!-- Shanks claims JST in use since 1896, and that a few places (e.g. Ishigaki) -->
<!-- use +0800; go with Suzuki.  Guess that all ordinances took effect on Jan 1. -->

<!-- Zone	NAME		GMTOFF	RULES	FORMAT	[UNTIL] -->
	<zone name='Asia/Tokyo' gmtoff='9:18:59' format='LMT' tilyear='1887' tilmonth='Dec' tilday='31' tiltime='15:00u'>
		<zcont gmtoff='9:00' format='JST' tilyear='1896'/>
		<zcont gmtoff='9:00' format='CJT' tilyear='1938'/>
		<zcont gmtoff='9:00' format='JST'/>
	</zone>
<!-- Since 1938, all Japanese possessions have been like Asia/Tokyo. -->

<!-- Jordan -->

<!-- From <a href="http://star.arabia.com/990701/JO9.html"> -->
<!-- Jordan Week (1999-07-01) </a> via Steffen Thorsen (1999-09-09): -->
<!-- Clocks in Jordan were forwarded one hour on Wednesday at midnight, -->
<!-- in accordance with the government's decision to implement summer time -->
<!-- all year round. -->

<!-- From <a href="http://star.arabia.com/990930/JO9.html"> -->
<!-- Jordan Week (1999-09-30) </a> via Steffen Thorsen (1999-11-09): -->
<!-- Winter time starts today Thursday, 30 September. Clocks will be turned back -->
<!-- by one hour.  This is the latest government decision and it's final! -->
<!-- The decision was taken because of the increase in working hours in -->
<!-- government's departments from six to seven hours. -->

<!-- Rule	NAME	FROM	TO	TYPE	IN	ON	AT	SAVE	LETTER/S -->
	<rule name='Jordan' loyear='1973' hiyear='only' month='Jun' day='6' tod='0:00' stdoff='1:00' abbrvar='S'/>
	<rule name='Jordan' loyear='1973' hiyear='1975' month='Oct' day='1' tod='0:00' stdoff='0'/>
	<rule name='Jordan' loyear='1974' hiyear='1977' month='May' day='1' tod='0:00' stdoff='1:00' abbrvar='S'/>
	<rule name='Jordan' loyear='1976' hiyear='only' month='Nov' day='1' tod='0:00' stdoff='0'/>
	<rule name='Jordan' loyear='1977' hiyear='only' month='Oct' day='1' tod='0:00' stdoff='0'/>
	<rule name='Jordan' loyear='1978' hiyear='only' month='Apr' day='30' tod='0:00' stdoff='1:00' abbrvar='S'/>
	<rule name='Jordan' loyear='1978' hiyear='only' month='Sep' day='30' tod='0:00' stdoff='0'/>
	<rule name='Jordan' loyear='1985' hiyear='only' month='Apr' day='1' tod='0:00' stdoff='1:00' abbrvar='S'/>
	<rule name='Jordan' loyear='1985' hiyear='only' month='Oct' day='1' tod='0:00' stdoff='0'/>
	<rule name='Jordan' loyear='1986' hiyear='1988' month='Apr' day='Fri&gt;=1' tod='0:00' stdoff='1:00' abbrvar='S'/>
	<rule name='Jordan' loyear='1986' hiyear='1990' month='Oct' day='Fri&gt;=1' tod='0:00' stdoff='0'/>
	<rule name='Jordan' loyear='1989' hiyear='only' month='May' day='8' tod='0:00' stdoff='1:00' abbrvar='S'/>
	<rule name='Jordan' loyear='1990' hiyear='only' month='Apr' day='27' tod='0:00' stdoff='1:00' abbrvar='S'/>
	<rule name='Jordan' loyear='1991' hiyear='only' month='Apr' day='17' tod='0:00' stdoff='1:00' abbrvar='S'/>
	<rule name='Jordan' loyear='1991' hiyear='only' month='Sep' day='27' tod='0:00' stdoff='0'/>
	<rule name='Jordan' loyear='1992' hiyear='only' month='Apr' day='10' tod='0:00' stdoff='1:00' abbrvar='S'/>
	<rule name='Jordan' loyear='1992' hiyear='1993' month='Oct' day='Fri&gt;=1' tod='0:00' stdoff='0'/>
	<rule name='Jordan' loyear='1993' hiyear='1998' month='Apr' day='Fri&gt;=1' tod='0:00' stdoff='1:00' abbrvar='S'/>
	<rule name='Jordan' loyear='1994' hiyear='only' month='Sep' day='Fri&gt;=15' tod='0:00' stdoff='0'/>
	<rule name='Jordan' loyear='1995' hiyear='1998' month='Sep' day='Fri&gt;=15' tod='0:00s' stdoff='0'/>
	<rule name='Jordan' loyear='1999' hiyear='only' month='Jul' day='1' tod='0:00s' stdoff='1:00' abbrvar='S'/>
	<rule name='Jordan' loyear='1999' hiyear='max' month='Sep' day='lastThu' tod='0:00s' stdoff='0'/>
	<rule name='Jordan' loyear='2000' hiyear='max' month='Mar' day='lastThu' tod='0:00s' stdoff='1:00' abbrvar='S'/>
<!-- Zone	NAME		GMTOFF	RULES	FORMAT	[UNTIL] -->
	<zone name='Asia/Amman' gmtoff='2:23:44' format='LMT' tilyear='1931'>
		<zcont gmtoff='2:00' rule='Jordan' format='EE%sT'/>
	</zone>

<!-- Kazakhstan -->
<!-- From Paul Eggert (1996-11-22): -->
<!-- Andrew Evtichov <evti@chevron.com> (1996-04-13) writes that Kazakhstan -->
<!-- stayed in sync with Moscow after 1990, and that Aqtobe (formerly Aktyubinsk) -->
<!-- and Aqtau (formerly Shevchenko) are the largest cities in their zones. -->
<!-- Guess that Aqtau and Aqtobe diverged in 1995, since that's the first time -->
<!-- IATA SSIM mentions a third time zone in Kazakhstan. -->

<!-- Zone	NAME		GMTOFF	RULES	FORMAT	[UNTIL] -->
	<!-- or Alma-Ata -->
	<zone name='Asia/Almaty' gmtoff='5:07:48' format='LMT' tilyear='1924' tilmonth='May' tilday='2'>
		<!-- Alma-Ata Time -->
		<zcont gmtoff='5:00' format='ALMT' tilyear='1957' tilmonth='Mar'/>
		<zcont gmtoff='6:00' rule='RussiaAsia' format='ALM%sT' tilyear='1991' tilmonth='Mar' tilday='31' tiltime='2:00s'/>
		<zcont gmtoff='5:00' rule='1:00' format='ALMST' tilyear='1991' tilmonth='Sep' tilday='29' tiltime='2:00s'/>
		<zcont gmtoff='5:00' format='ALMT' tilyear='1992' tilmonth='Jan' tilday='19' tiltime='2:00s'/>
		<zcont gmtoff='6:00' rule='E-EurAsia' format='ALM%sT'/>
	</zone>
	<zone name='Asia/Aqtobe' gmtoff='3:48:40' format='LMT' tilyear='1924' tilmonth='May' tilday='2'>
		<!-- Aktyubinsk Time -->
		<zcont gmtoff='4:00' format='AKT' tilyear='1957' tilmonth='Mar'/>
		<zcont gmtoff='5:00' rule='RussiaAsia' format='AK%sT' tilyear='1991' tilmonth='Mar' tilday='31' tiltime='2:00s'/>
		<zcont gmtoff='4:00' rule='1:00' format='AKTST' tilyear='1991' tilmonth='Sep' tilday='29' tiltime='2:00s'/>
		<!-- Aqtobe Time -->
		<zcont gmtoff='4:00' format='AQTT' tilyear='1992' tilmonth='Jan' tilday='19' tiltime='2:00s'/>
		<zcont gmtoff='5:00' rule='E-EurAsia' format='AQT%sT'/>
	</zone>
	<!-- or Aktau -->
	<zone name='Asia/Aqtau' gmtoff='3:21:04' format='LMT' tilyear='1924' tilmonth='May' tilday='2'>
		<!-- Fort Shevchenko Time -->
		<zcont gmtoff='4:00' format='SHET' tilyear='1957' tilmonth='Mar'/>
		<zcont gmtoff='5:00' rule='RussiaAsia' format='SHE%sT' tilyear='1991' tilmonth='Mar' tilday='31' tiltime='2:00s'/>
		<zcont gmtoff='4:00' rule='1:00' format='AQTST' tilyear='1991' tilmonth='Sep' tilday='29' tiltime='2:00s'/>
		<!-- Aqtau Time -->
		<zcont gmtoff='4:00' format='AQTT' tilyear='1992' tilmonth='Jan' tilday='19' tiltime='2:00s'/>
		<zcont gmtoff='5:00' rule='E-EurAsia' format='AQT%sT' tilyear='1995' tilmonth='Sep' tilday='lastSun'/>
		<zcont gmtoff='4:00' rule='E-EurAsia' format='AQT%sT'/>
	</zone>

<!-- Kyrgyzstan (Kirgizstan) -->
<!-- Transitions through 1991 are from Shanks. -->
<!-- Rule	NAME	FROM	TO	TYPE	IN	ON	AT	SAVE	LETTER/S -->
	<rule name='Kirgiz' loyear='1992' hiyear='1996' month='Apr' day='Sun&gt;=7' tod='0:00' stdoff='1:00' abbrvar='S'/>
	<rule name='Kirgiz' loyear='1992' hiyear='1996' month='Sep' day='lastSun' tod='0:00' stdoff='0'/>
	<rule name='Kirgiz' loyear='1997' hiyear='max' month='Mar' day='lastSun' tod='2:30' stdoff='1:00' abbrvar='S'/>
	<rule name='Kirgiz' loyear='1997' hiyear='max' month='Oct' day='lastSun' tod='2:30' stdoff='0'/>
<!-- Zone	NAME		GMTOFF	RULES	FORMAT	[UNTIL] -->
	<zone name='Asia/Bishkek' gmtoff='4:58:24' format='LMT' tilyear='1924' tilmonth='May' tilday='2'>
		<!-- Frunze Time -->
		<zcont gmtoff='5:00' format='FRUT' tilyear='1930' tilmonth='Jun' tilday='21'/>
		<zcont gmtoff='6:00' rule='RussiaAsia' format='FRU%sT' tilyear='1991' tilmonth='Mar' tilday='31' tiltime='2:00s'/>
		<!-- independence -->
		<zcont gmtoff='5:00' rule='1:00' format='FRUST' tilyear='1991' tilmonth='Aug' tilday='31' tiltime='2:00'/>
		<!-- Kirgizstan Time -->
		<zcont gmtoff='5:00' rule='Kirgiz' format='KG%sT'/>
	</zone>



<!-- Korea (North and South) -->

<!-- From Guy Harris: -->
<!-- According to someone at the Korean Times in San Francisco, -->
<!-- Daylight Savings Time was not observed until 1987.  He did not know -->
<!-- at what time of day DST starts or ends. -->

<!-- From Shanks: -->
<!-- Rule	NAME	FROM	TO	TYPE	IN	ON	AT	SAVE	LETTER/S -->
	<rule name='ROK' loyear='1960' hiyear='only' month='May' day='15' tod='0:00' stdoff='1:00' abbrvar='D'/>
	<rule name='ROK' loyear='1960' hiyear='only' month='Sep' day='13' tod='0:00' stdoff='0' abbrvar='S'/>
	<rule name='ROK' loyear='1987' hiyear='1988' month='May' day='Sun&lt;=14' tod='0:00' stdoff='1:00' abbrvar='D'/>
	<rule name='ROK' loyear='1987' hiyear='1988' month='Oct' day='Sun&lt;=14' tod='0:00' stdoff='0' abbrvar='S'/>

<!-- Zone	NAME		GMTOFF	RULES	FORMAT	[UNTIL] -->
	<zone name='Asia/Seoul' gmtoff='8:27:52' format='LMT' tilyear='1890'>
		<zcont gmtoff='8:30' format='KST' tilyear='1904' tilmonth='Dec'/>
		<zcont gmtoff='9:00' format='KST' tilyear='1928'/>
		<zcont gmtoff='8:30' format='KST' tilyear='1932'/>
		<zcont gmtoff='9:00' format='KST' tilyear='1954' tilmonth='Mar' tilday='21'/>
		<zcont gmtoff='8:00' rule='ROK' format='K%sT' tilyear='1961' tilmonth='Aug' tilday='10'/>
		<zcont gmtoff='8:30' format='KST' tilyear='1968' tilmonth='Oct'/>
		<zcont gmtoff='9:00' rule='ROK' format='K%sT'/>
	</zone>
	<zone name='Asia/Pyongyang' gmtoff='8:23:00' format='LMT' tilyear='1890'>
		<zcont gmtoff='8:30' format='KST' tilyear='1904' tilmonth='Dec'/>
		<zcont gmtoff='9:00' format='KST' tilyear='1928'/>
		<zcont gmtoff='8:30' format='KST' tilyear='1932'/>
		<zcont gmtoff='9:00' format='KST' tilyear='1954' tilmonth='Mar' tilday='21'/>
		<zcont gmtoff='8:00' format='KST' tilyear='1961' tilmonth='Aug' tilday='10'/>
		<zcont gmtoff='9:00' format='KST'/>
	</zone>



<!-- Kuwait -->
<!-- Zone	NAME		GMTOFF	RULES	FORMAT	[UNTIL] -->
	<zone name='Asia/Kuwait' gmtoff='3:11:56' format='LMT' tilyear='1950'>
		<zcont gmtoff='3:00' format='AST'/>
	</zone>

<!-- Laos -->
<!-- Zone	NAME		GMTOFF	RULES	FORMAT	[UNTIL] -->
	<!-- or Viangchan -->
	<zone name='Asia/Vientiane' gmtoff='6:50:24' format='LMT' tilyear='1906' tilmonth='Jun' tilday='9'>
		<!-- Saigon MT? -->
		<zcont gmtoff='7:06:20' format='SMT' tilyear='1911' tilmonth='Mar' tilday='11' tiltime='0:01'/>
		<zcont gmtoff='7:00' format='ICT' tilyear='1912' tilmonth='May'/>
		<zcont gmtoff='8:00' format='ICT' tilyear='1931' tilmonth='May'/>
		<zcont gmtoff='7:00' format='ICT'/>
	</zone>

<!-- Lebanon -->
<!-- Rule	NAME	FROM	TO	TYPE	IN	ON	AT	SAVE	LETTER/S -->
	<rule name='Lebanon' loyear='1920' hiyear='only' month='Mar' day='28' tod='0:00' stdoff='1:00' abbrvar='S'/>
	<rule name='Lebanon' loyear='1920' hiyear='only' month='Oct' day='25' tod='0:00' stdoff='0'/>
	<rule name='Lebanon' loyear='1921' hiyear='only' month='Apr' day='3' tod='0:00' stdoff='1:00' abbrvar='S'/>
	<rule name='Lebanon' loyear='1921' hiyear='only' month='Oct' day='3' tod='0:00' stdoff='0'/>
	<rule name='Lebanon' loyear='1922' hiyear='only' month='Mar' day='26' tod='0:00' stdoff='1:00' abbrvar='S'/>
	<rule name='Lebanon' loyear='1922' hiyear='only' month='Oct' day='8' tod='0:00' stdoff='0'/>
	<rule name='Lebanon' loyear='1923' hiyear='only' month='Apr' day='22' tod='0:00' stdoff='1:00' abbrvar='S'/>
	<rule name='Lebanon' loyear='1923' hiyear='only' month='Sep' day='16' tod='0:00' stdoff='0'/>
	<rule name='Lebanon' loyear='1957' hiyear='1961' month='May' day='1' tod='0:00' stdoff='1:00' abbrvar='S'/>
	<rule name='Lebanon' loyear='1957' hiyear='1961' month='Oct' day='1' tod='0:00' stdoff='0'/>
	<rule name='Lebanon' loyear='1972' hiyear='only' month='Jun' day='22' tod='0:00' stdoff='1:00' abbrvar='S'/>
	<rule name='Lebanon' loyear='1972' hiyear='1977' month='Oct' day='1' tod='0:00' stdoff='0'/>
	<rule name='Lebanon' loyear='1973' hiyear='1977' month='May' day='1' tod='0:00' stdoff='1:00' abbrvar='S'/>
	<rule name='Lebanon' loyear='1978' hiyear='only' month='Apr' day='30' tod='0:00' stdoff='1:00' abbrvar='S'/>
	<rule name='Lebanon' loyear='1978' hiyear='only' month='Sep' day='30' tod='0:00' stdoff='0'/>
	<rule name='Lebanon' loyear='1984' hiyear='1987' month='May' day='1' tod='0:00' stdoff='1:00' abbrvar='S'/>
	<rule name='Lebanon' loyear='1984' hiyear='1991' month='Oct' day='16' tod='0:00' stdoff='0'/>
	<rule name='Lebanon' loyear='1988' hiyear='only' month='Jun' day='1' tod='0:00' stdoff='1:00' abbrvar='S'/>
	<rule name='Lebanon' loyear='1989' hiyear='only' month='May' day='10' tod='0:00' stdoff='1:00' abbrvar='S'/>
	<rule name='Lebanon' loyear='1990' hiyear='1992' month='May' day='1' tod='0:00' stdoff='1:00' abbrvar='S'/>
	<rule name='Lebanon' loyear='1992' hiyear='only' month='Oct' day='4' tod='0:00' stdoff='0'/>
	<rule name='Lebanon' loyear='1993' hiyear='max' month='Mar' day='lastSun' tod='0:00' stdoff='1:00' abbrvar='S'/>
	<rule name='Lebanon' loyear='1993' hiyear='1998' month='Sep' day='lastSun' tod='0:00' stdoff='0'/>
	<rule name='Lebanon' loyear='1999' hiyear='max' month='Oct' day='lastSun' tod='0:00' stdoff='0'/>
<!-- Zone	NAME		GMTOFF	RULES	FORMAT	[UNTIL] -->
	<zone name='Asia/Beirut' gmtoff='2:22:00' format='LMT' tilyear='1880'>
		<zcont gmtoff='2:00' rule='Lebanon' format='EE%sT'/>
	</zone>

<!-- Malaysia -->
<!-- Rule	NAME	FROM	TO	TYPE	IN	ON	AT	SAVE	LETTER/S -->
	<rule name='NBorneo' loyear='1935' hiyear='1941' month='Sep' day='14' tod='0:00' stdoff='0:20' abbrvar='TS'/>
	<rule name='NBorneo' loyear='1935' hiyear='1941' month='Dec' day='14' tod='0:00' stdoff='0'/>
<!-- Zone	NAME		GMTOFF	RULES	FORMAT	[UNTIL] -->
	<zone name='Asia/Kuala_Lumpur' gmtoff='6:46:48' format='LMT' tilyear='1880'>
		<!-- Singapore Mean Time -->
		<zcont gmtoff='6:55:24' format='SMT' tilyear='1905' tilmonth='Jun'/>
		<!-- Malaya Time -->
		<zcont gmtoff='7:00' format='MALT' tilyear='1933'/>
		<zcont gmtoff='7:20' format='MALT' tilyear='1942' tilmonth='Feb' tilday='15'/>
		<zcont gmtoff='9:00' format='JST' tilyear='1945' tilmonth='Sep' tilday='2'/>
		<zcont gmtoff='7:20' format='MALT' tilyear='1950'/>
		<zcont gmtoff='7:30' format='MALT' tilyear='1982' tilmonth='May'/>
		<!-- Malaysia Time -->
		<zcont gmtoff='8:00' format='MYT'/>
	</zone>
	<zone name='Asia/Kuching' gmtoff='7:21:20' format='LMT' tilyear='1926' tilmonth='Mar'>
		<!-- Borneo Time -->
		<zcont gmtoff='7:30' format='BORT' tilyear='1933'/>
		<zcont gmtoff='8:00' rule='NBorneo' format='BOR%sT' tilyear='1942'/>
		<zcont gmtoff='9:00' format='JST' tilyear='1945' tilmonth='Sep' tilday='2'/>
		<zcont gmtoff='8:00' format='BORT' tilyear='1982' tilmonth='May'/>
		<zcont gmtoff='8:00' format='MYT'/>
	</zone>

<!-- Maldives -->
<!-- Zone	NAME		GMTOFF	RULES	FORMAT	[UNTIL] -->
	<!-- Male -->
	<zone name='Indian/Maldives' gmtoff='4:54:00' format='LMT' tilyear='1880'>
		<!-- Male Mean Time -->
		<zcont gmtoff='4:54:00' format='MMT' tilyear='1960'/>
		<!-- Maldives Time -->
		<zcont gmtoff='5:00' format='MVT'/>
	</zone>

<!-- Mongolia -->

<!-- Shanks says that Mongolia has three time zones, but usno1995 and the CIA map -->
<!-- Standard Time Zones of the World (1997-01) -->
<!-- both say that it has just one. -->

<!-- From Oscar van Vlijmen (1999-12-11): -->
<!-- <a href="http://www.mongoliatourism.gov.mn/general.htm"> -->
<!-- General Information Mongolia -->
<!-- </a> (1999-09) -->
<!-- "Time: Mongolia has two time zones. Three westernmost provinces of -->
<!-- Bayan-Ulgii, Uvs, and Hovd are one hour earlier than the capital city, and -->
<!-- the rest of the country follows the Ulaanbaatar time, which is UTC/GMT plus -->
<!-- eight hours." -->

<!-- From Rives McDow (1999-12-13): -->
<!-- Mongolia discontinued the use of daylight savings time in 1999; 1998 -->
<!-- being the last year it was implemented.  The dates of implementation I am -->
<!-- unsure of, but most probably it was similar to Russia, except for the time -->
<!-- of implementation may have been different.... -->
<!-- Some maps in the past have indicated that there was an additional time -->
<!-- zone in the eastern part of Mongolia, including the provinces of Dornod, -->
<!-- Suhbaatar, and possibly Khentij. -->

<!-- From Paul Eggert (1999-12-15): -->
<!-- For now, we'll comment out the east zone (Choybalsan) -->
<!-- and use Shanks's and the IATA's data for the daylight-saving rules. -->
<!-- Naming and spelling is tricky in Mongolia. -->
<!-- We'll use Hovd (also spelled Chovd and Khovd) to represent the west zone; -->
<!-- the capital of the Hovd province is sometimes called Hovd, sometimes Dund-Us, -->
<!-- and sometimes Jirgalanta (with variant spellings), but the name Hovd -->
<!-- is good enough for our purposes. -->

<!-- Rule	NAME	FROM	TO	TYPE	IN	ON	AT	SAVE	LETTER/S -->
	<rule name='Mongol' loyear='1981' hiyear='1984' month='Apr' day='1' tod='0:00' stdoff='1:00' abbrvar='S'/>
	<rule name='Mongol' loyear='1981' hiyear='1984' month='Oct' day='1' tod='0:00' stdoff='0'/>
	<rule name='Mongol' loyear='1985' hiyear='1990' month='Mar' day='lastSun' tod='2:00' stdoff='1:00' abbrvar='S'/>
	<rule name='Mongol' loyear='1985' hiyear='1990' month='Sep' day='lastSun' tod='3:00' stdoff='0'/>
	<rule name='Mongol' loyear='1991' hiyear='1998' month='Mar' day='lastSun' tod='0:00' stdoff='1:00' abbrvar='S'/>
	<rule name='Mongol' loyear='1991' hiyear='1995' month='Sep' day='lastSun' tod='0:00' stdoff='0'/>
<!-- IATA SSIM (1996-09) says 1996-10-25; go with Shanks. -->
	<rule name='Mongol' loyear='1996' hiyear='only' month='Oct' day='lastSun' tod='0:00' stdoff='0'/>
	<rule name='Mongol' loyear='1997' hiyear='1998' month='Sep' day='lastSun' tod='0:00' stdoff='0'/>
<!-- IATA SSIM (1999-09) says Mongolia no longer observes DST. -->

<!-- Zone	NAME		GMTOFF	RULES	FORMAT	[UNTIL] -->
	<zone name='Asia/Hovd' gmtoff='6:06:36' format='LMT' tilyear='1905' tilmonth='Aug'>
		<!-- Hovd Time -->
		<zcont gmtoff='6:00' format='HOVT' tilyear='1978'/>
		<zcont gmtoff='7:00' rule='Mongol' format='HOV%sT'/>
	</zone>
	<zone name='Asia/Ulaanbaatar' gmtoff='7:07:32' format='LMT' tilyear='1905' tilmonth='Aug'>
		<!-- Ulaanbaatar Time -->
		<zcont gmtoff='7:00' format='ULAT' tilyear='1978'/>
		<zcont gmtoff='8:00' rule='Mongol' format='ULA%sT'/>
	</zone>
<!-- We're not sure about this entry yet, so we'll omit it for now. -->
<!-- Zone Asia/Choybalsan	7:38:00 -	LMT	1905 Aug -->
<!-- 8:00	-	CHOT	1978	# Choybalsan Time -->
<!-- 9:00	Mongol	CHO%sT	19?? -->
<!-- 8:00	Mongol	ULA%sT -->

<!-- Nepal -->
<!-- Zone	NAME		GMTOFF	RULES	FORMAT	[UNTIL] -->
	<zone name='Asia/Katmandu' gmtoff='5:41:16' format='LMT' tilyear='1920'>
		<zcont gmtoff='5:30' format='IST' tilyear='1986'/>
		<!-- Nepal Time -->
		<zcont gmtoff='5:45' format='NPT'/>
	</zone>

<!-- Oman -->
<!-- Zone	NAME		GMTOFF	RULES	FORMAT	[UNTIL] -->
	<zone name='Asia/Muscat' gmtoff='3:54:20' format='LMT' tilyear='1920'>
		<zcont gmtoff='4:00' format='GST'/>
	</zone>

<!-- Pakistan -->
<!-- Zone	NAME		GMTOFF	RULES	FORMAT	[UNTIL] -->
	<zone name='Asia/Karachi' gmtoff='4:28:12' format='LMT' tilyear='1907'>
		<zcont gmtoff='5:30' format='IST' tilyear='1942' tilmonth='Sep'/>
		<zcont gmtoff='5:30' rule='1:00' format='IST' tilyear='1945' tilmonth='Oct' tilday='15'/>
		<zcont gmtoff='5:30' format='IST' tilyear='1951' tilmonth='Sep' tilday='30'/>
		<!-- Karachi Time -->
		<zcont gmtoff='5:00' format='KART' tilyear='1971' tilmonth='Mar' tilday='26'/>
		<!-- Pakistan Time -->
		<zcont gmtoff='5:00' format='PKT'/>
	</zone>

<!-- Palestine -->

<!-- From Amos Shapir <amos@nsof.co.il> (1998-02-15): -->

<!-- From 1917 until 1948-05-15, all of Palestine, including the parts now -->
<!-- known as the Gaza Strip and the West Bank, was under British rule. -->
<!-- Therefore the rules given for Israel for that period, apply there too... -->

<!-- The Gaza Strip was under Egyptian rule between 1948-05-15 until 1967-06-05 -->
<!-- (except a short occupation by Israel from 1956-11 till 1957-03, but no -->
<!-- time zone was affected then).  It was never formally annexed to Egypt, -->
<!-- though. -->

<!-- The rest of Palestine was under Jordanian rule at that time, formally -->
<!-- annexed in 1950 as the West Bank (and the word "Trans" was dropped from -->
<!-- the country's previous name of "the Hashemite Kingdom of the -->
<!-- Trans-Jordan").  So the rules for Jordan for that time apply.  Major -->
<!-- towns in that area are Nablus (Shchem), El-Halil (Hebron), Ramallah, and -->
<!-- East Jerusalem. -->

<!-- Both areas were occupied by Israel in June 1967, but not annexed (except -->
<!-- for East Jerusalem).  They were on Israel time since then; there might -->
<!-- have been a Military Governor's order about time zones, but I'm not aware -->
<!-- of any (such orders may have been issued semi-annually whenever summer -->
<!-- time was in effect, but maybe the legal aspect of time was just neglected). -->

<!-- The Palestinian Authority was established in 1993, and got hold of most -->
<!-- towns in the West Bank and Gaza by 1995.  I know that in order to -->
<!-- demonstrate...independence, they have been switching to -->
<!-- summer time and back on a different schedule than Israel's, but I don't -->
<!-- know when this was started, or what algorithm is used (most likely the -->
<!-- Jordanian one). -->

<!-- To summarize, the table should probably look something like that: -->

<!-- Area \ when | 1918-1947 | 1948-1967 | 1967-1995 | 1996- -->
<!-- -=-=-=-=-=-=+-=-=-=-=-=-+-=-=-=-=-=-+-=-=-=-=-=-+-=-=-=-=-=- -->
<!-- Israel      | Zion      | Zion      | Zion      | Zion -->
<!-- West bank   | Zion      | Jordan    | Zion      | Jordan -->
<!-- Gaza        | Zion      | Egypt     | Zion      | Jordan -->

<!-- I guess more info may be available from the PA's web page (if/when they -->
<!-- have one). -->

<!-- From Paul Eggert (1998-02-25): -->
<!-- Shanks writes that Gaza did not observe DST until 1957, but we'll go -->
<!-- with Shapir and assume that it observed DST from 1940 through 1947, -->
<!-- and that it used Jordanian rules starting in 1996. -->
<!-- We don't yet need a separate entry for the West Bank, since -->
<!-- the only differences between it and Gaza that we know about -->
<!-- occurred before our cutoff date of 1970. -->
<!-- However, as we get more information, we may need to add entries -->
<!-- for parts of the West Bank as they transitioned from Israel's rules -->
<!-- to Palestine's rules.  If you have more info about this, please -->
<!-- send it to tz@elsie.nci.nih.gov for incorporation into future editions. -->

<!-- From IINS News Service - Israel - 1998-03-23 10:38:07 Israel time, -->
<!-- forwarded by Ephraim Silverberg: -->

<!-- Despite the fact that Israel changed over to daylight savings time -->
<!-- last week, the PLO Authority (PA) has decided not to turn its clocks -->
<!-- one-hour forward at this time.  As a sign of independence from Israeli rule, -->
<!-- the PA has decided to implement DST in April. -->

<!-- From Paul Eggert (1999-09-20): -->
<!-- Daoud Kuttab writes in -->
<!-- <a href="http://www.jpost.com/com/Archive/22.Apr.1999/Opinion/Article-2.html"> -->
<!-- Holiday havoc -->
<!-- </a> (Jerusalem Post, 1999-04-22) that -->
<!-- the Palestinian National Authority changed to DST on 1999-04-15. -->
<!-- I vaguely recall that they switch back in October (sorry, forgot the source). -->
<!-- For now, let's assume that the spring switch was at 24:00, -->
<!-- and that they switch at 0:00 on the 3rd Fridays of April and October. -->

<!-- The rules for Egypt are stolen from the `africa' file. -->
<!-- Rule	NAME	FROM	TO	TYPE	IN	ON	AT	SAVE	LETTER/S -->
	<rule name='EgyptAsia' loyear='1957' hiyear='only' month='May' day='10' tod='0:00' stdoff='1:00' abbrvar='S'/>
	<rule name='EgyptAsia' loyear='1957' hiyear='1958' month='Oct' day='1' tod='0:00' stdoff='0'/>
	<rule name='EgyptAsia' loyear='1958' hiyear='only' month='May' day='1' tod='0:00' stdoff='1:00' abbrvar='S'/>
	<rule name='EgyptAsia' loyear='1959' hiyear='1967' month='May' day='1' tod='1:00' stdoff='1:00' abbrvar='S'/>
	<rule name='EgyptAsia' loyear='1959' hiyear='1965' month='Sep' day='30' tod='3:00' stdoff='0'/>
	<rule name='EgyptAsia' loyear='1966' hiyear='only' month='Oct' day='1' tod='3:00' stdoff='0'/>

	<rule name='Palestine' loyear='1999' hiyear='max' month='Apr' day='Fri&gt;=15' tod='0:00' stdoff='1:00' abbrvar='S'/>
	<rule name='Palestine' loyear='1999' hiyear='max' month='Oct' day='Fri&gt;=15' tod='0:00' stdoff='0'/>

<!-- Zone	NAME		GMTOFF	RULES	FORMAT	[UNTIL] -->
	<zone name='Asia/Gaza' gmtoff='2:17:52' format='LMT' tilyear='1900' tilmonth='Oct'>
		<zcont gmtoff='2:00' rule='Zion' format='EET' tilyear='1948' tilmonth='May' tilday='15'/>
		<zcont gmtoff='2:00' rule='EgyptAsia' format='EE%sT' tilyear='1967' tilmonth='Jun' tilday='5'/>
		<zcont gmtoff='2:00' rule='Zion' format='I%sT' tilyear='1996'/>
		<zcont gmtoff='2:00' rule='Jordan' format='EE%sT' tilyear='1999'/>
		<zcont gmtoff='2:00' rule='Palestine' format='EE%sT'/>
	</zone>

<!-- Paracel Is -->
<!-- no information -->

<!-- Philippines -->
<!-- Howse writes (p 153) that until 1844 the Philippines kept American date. -->
<!-- The rest of this data is from Shanks. -->
<!-- Rule	NAME	FROM	TO	TYPE	IN	ON	AT	SAVE	LETTER/S -->
	<rule name='Phil' loyear='1936' hiyear='only' month='Nov' day='1' tod='0:00' stdoff='1:00' abbrvar='S'/>
	<rule name='Phil' loyear='1937' hiyear='only' month='Feb' day='1' tod='0:00' stdoff='0'/>
	<rule name='Phil' loyear='1954' hiyear='only' month='Apr' day='12' tod='0:00' stdoff='1:00' abbrvar='S'/>
	<rule name='Phil' loyear='1954' hiyear='only' month='Jul' day='1' tod='0:00' stdoff='0'/>
	<rule name='Phil' loyear='1978' hiyear='only' month='Mar' day='22' tod='0:00' stdoff='1:00' abbrvar='S'/>
	<rule name='Phil' loyear='1978' hiyear='only' month='Sep' day='21' tod='0:00' stdoff='0'/>
<!-- Zone	NAME		GMTOFF	RULES	FORMAT	[UNTIL] -->
	<zone name='Asia/Manila' gmtoff='-15:56:00' format='LMT' tilyear='1844'>
		<zcont gmtoff='8:04:00' format='LMT' tilyear='1899' tilmonth='May' tilday='11'/>
		<zcont gmtoff='8:00' rule='Phil' format='PH%sT' tilyear='1942' tilmonth='May'/>
		<zcont gmtoff='9:00' format='JST' tilyear='1944' tilmonth='Nov'/>
		<zcont gmtoff='8:00' rule='Phil' format='PH%sT'/>
	</zone>

<!-- Qatar -->
<!-- Zone	NAME		GMTOFF	RULES	FORMAT	[UNTIL] -->
	<!-- Al Dawhah / Doha -->
	<zone name='Asia/Qatar' gmtoff='3:26:08' format='LMT' tilyear='1920'>
		<zcont gmtoff='4:00' format='GST' tilyear='1972' tilmonth='Jun'/>
		<zcont gmtoff='3:00' format='AST'/>
	</zone>

<!-- Saudi Arabia -->
<!-- Zone	NAME		GMTOFF	RULES	FORMAT	[UNTIL] -->
	<zone name='Asia/Riyadh' gmtoff='3:06:52' format='LMT' tilyear='1950'>
		<zcont gmtoff='3:00' format='AST'/>
	</zone>

<!-- Singapore -->
<!-- Zone	NAME		GMTOFF	RULES	FORMAT	[UNTIL] -->
	<zone name='Asia/Singapore' gmtoff='6:55:24' format='LMT' tilyear='1880'>
		<!-- Singapore Mean Time -->
		<zcont gmtoff='6:55:24' format='SMT' tilyear='1905' tilmonth='Jun'/>
		<!-- Malaya Time -->
		<zcont gmtoff='7:00' format='MALT' tilyear='1933'/>
		<zcont gmtoff='7:20' format='MALT' tilyear='1942' tilmonth='Feb' tilday='15'/>
		<zcont gmtoff='9:00' format='JST' tilyear='1945' tilmonth='Sep' tilday='2'/>
		<zcont gmtoff='7:20' format='MALT' tilyear='1950'/>
		<!-- independence -->
		<zcont gmtoff='7:30' format='MALT' tilyear='1965' tilmonth='Aug' tilday='9'/>
		<!-- Singapore Time -->
		<zcont gmtoff='7:30' format='SGT' tilyear='1982' tilmonth='May'/>
		<zcont gmtoff='8:00' format='SGT'/>
	</zone>

<!-- Spratly Is -->
<!-- no information -->

<!-- Sri Lanka -->
<!-- From Paul Eggert (1996-09-03): -->
<!-- "Sri Lanka advances clock by an hour to avoid blackout" -->
<!-- (www.virtual-pc.com/lankaweb/news/items/240596-2.html, 1996-05-24, -->
<!-- no longer available as of 1999-08-17) -->
<!-- reported ``the country's standard time will be put forward by one hour at -->
<!-- midnight Friday (1830 GMT) `in the light of the present power crisis'.'' -->

<!-- From Dharmasiri Senanayake, Sri Lanka Media Minister (1996-10-24), as quoted -->
<!-- by Shamindra in -->
<!-- <a href="news:54rka5$m5h@mtinsc01-mgt.ops.worldnet.att.net"> -->
<!-- Daily News - Hot News Section (1996-10-26) -->
<!-- </a>: -->
<!-- With effect from 12.30 a.m. on 26th October 1996 -->
<!-- Sri Lanka will be six (06) hours ahead of GMT. -->

<!-- Zone	NAME		GMTOFF	RULES	FORMAT	[UNTIL] -->
	<zone name='Asia/Colombo' gmtoff='5:19:24' format='LMT' tilyear='1880'>
		<!-- Moratuwa Mean Time -->
		<zcont gmtoff='5:19:32' format='MMT' tilyear='1906'/>
		<zcont gmtoff='5:30' format='IST' tilyear='1942' tilmonth='Jan' tilday='5'/>
		<zcont gmtoff='5:30' rule='0:30' format='IHST' tilyear='1942' tilmonth='Sep'/>
		<zcont gmtoff='5:30' rule='1:00' format='IST' tilyear='1945' tilmonth='Oct' tilday='16' tiltime='2:00'/>
		<zcont gmtoff='5:30' format='IST' tilyear='1996' tilmonth='May' tilday='25' tiltime='0:00'/>
		<zcont gmtoff='6:30' format='LKT' tilyear='1996' tilmonth='Oct' tilday='26' tiltime='0:30'/>
		<zcont gmtoff='6:00' format='LKT'/>
	</zone>

<!-- Syria -->
<!-- Rule	NAME	FROM	TO	TYPE	IN	ON	AT	SAVE	LETTER/S -->
	<rule name='Syria' loyear='1920' hiyear='1923' month='Apr' day='Sun&gt;=15' tod='2:00' stdoff='1:00' abbrvar='S'/>
	<rule name='Syria' loyear='1920' hiyear='1923' month='Oct' day='Sun&gt;=1' tod='2:00' stdoff='0'/>
	<rule name='Syria' loyear='1962' hiyear='only' month='Apr' day='29' tod='2:00' stdoff='1:00' abbrvar='S'/>
	<rule name='Syria' loyear='1962' hiyear='only' month='Oct' day='1' tod='2:00' stdoff='0'/>
	<rule name='Syria' loyear='1963' hiyear='1965' month='May' day='1' tod='2:00' stdoff='1:00' abbrvar='S'/>
	<rule name='Syria' loyear='1963' hiyear='only' month='Sep' day='30' tod='2:00' stdoff='0'/>
	<rule name='Syria' loyear='1964' hiyear='only' month='Oct' day='1' tod='2:00' stdoff='0'/>
	<rule name='Syria' loyear='1965' hiyear='only' month='Sep' day='30' tod='2:00' stdoff='0'/>
	<rule name='Syria' loyear='1966' hiyear='only' month='Apr' day='24' tod='2:00' stdoff='1:00' abbrvar='S'/>
	<rule name='Syria' loyear='1966' hiyear='1976' month='Oct' day='1' tod='2:00' stdoff='0'/>
	<rule name='Syria' loyear='1967' hiyear='1978' month='May' day='1' tod='2:00' stdoff='1:00' abbrvar='S'/>
	<rule name='Syria' loyear='1977' hiyear='1978' month='Sep' day='1' tod='2:00' stdoff='0'/>
	<rule name='Syria' loyear='1983' hiyear='1984' month='Apr' day='9' tod='2:00' stdoff='1:00' abbrvar='S'/>
	<rule name='Syria' loyear='1983' hiyear='1984' month='Oct' day='1' tod='2:00' stdoff='0'/>
	<rule name='Syria' loyear='1986' hiyear='only' month='Feb' day='16' tod='2:00' stdoff='1:00' abbrvar='S'/>
	<rule name='Syria' loyear='1986' hiyear='only' month='Oct' day='9' tod='2:00' stdoff='0'/>
	<rule name='Syria' loyear='1987' hiyear='only' month='Mar' day='1' tod='2:00' stdoff='1:00' abbrvar='S'/>
	<rule name='Syria' loyear='1987' hiyear='1988' month='Oct' day='31' tod='2:00' stdoff='0'/>
	<rule name='Syria' loyear='1988' hiyear='only' month='Mar' day='15' tod='2:00' stdoff='1:00' abbrvar='S'/>
	<rule name='Syria' loyear='1989' hiyear='only' month='Mar' day='31' tod='2:00' stdoff='1:00' abbrvar='S'/>
	<rule name='Syria' loyear='1989' hiyear='only' month='Oct' day='1' tod='2:00' stdoff='0'/>
	<rule name='Syria' loyear='1990' hiyear='only' month='Apr' day='1' tod='2:00' stdoff='1:00' abbrvar='S'/>
	<rule name='Syria' loyear='1990' hiyear='only' month='Sep' day='30' tod='2:00' stdoff='0'/>
	<rule name='Syria' loyear='1991' hiyear='only' month='Apr' day='1' tod='0:00' stdoff='1:00' abbrvar='S'/>
	<rule name='Syria' loyear='1991' hiyear='1992' month='Oct' day='1' tod='0:00' stdoff='0'/>
	<rule name='Syria' loyear='1992' hiyear='only' month='Apr' day='8' tod='0:00' stdoff='1:00' abbrvar='S'/>
	<rule name='Syria' loyear='1993' hiyear='only' month='Mar' day='26' tod='0:00' stdoff='1:00' abbrvar='S'/>
	<rule name='Syria' loyear='1993' hiyear='only' month='Sep' day='25' tod='0:00' stdoff='0'/>
<!-- IATA SSIM (1998-02) says 1998-04-02; -->
<!-- (1998-09) says 1999-03-29 and 1999-09-29; (1999-02) says 1999-04-02, -->
<!-- 2000-04-02, and 2001-04-02; (1999-09) says 2000-03-31 and 2001-03-31; -->
<!-- ignore all these claims and go with Shanks. -->
	<rule name='Syria' loyear='1994' hiyear='1996' month='Apr' day='1' tod='0:00' stdoff='1:00' abbrvar='S'/>
	<rule name='Syria' loyear='1994' hiyear='max' month='Oct' day='1' tod='0:00' stdoff='0'/>
	<rule name='Syria' loyear='1997' hiyear='1998' month='Mar' day='lastMon' tod='0:00' stdoff='1:00' abbrvar='S'/>
	<rule name='Syria' loyear='1999' hiyear='max' month='Apr' day='1' tod='0:00' stdoff='1:00' abbrvar='S'/>
<!-- Zone	NAME		GMTOFF	RULES	FORMAT	[UNTIL] -->
	<!-- Dimashq -->
	<zone name='Asia/Damascus' gmtoff='2:25:12' format='LMT' tilyear='1920'>
		<zcont gmtoff='2:00' rule='Syria' format='EE%sT'/>
	</zone>

<!-- Tajikistan -->
<!-- From Shanks. -->
<!-- Zone	NAME		GMTOFF	RULES	FORMAT	[UNTIL] -->
	<zone name='Asia/Dushanbe' gmtoff='4:35:12' format='LMT' tilyear='1924' tilmonth='May' tilday='2'>
		<!-- Dushanbe Time -->
		<zcont gmtoff='5:00' format='DUST' tilyear='1930' tilmonth='Jun' tilday='21'/>
		<zcont gmtoff='6:00' rule='RussiaAsia' format='DUS%sT' tilyear='1991' tilmonth='Mar' tilday='31' tiltime='2:00s'/>
		<zcont gmtoff='5:00' rule='1:00' format='DUSST' tilyear='1991' tilmonth='Sep' tilday='9' tiltime='2:00s'/>
		<!-- Tajikistan Time -->
		<zcont gmtoff='5:00' format='TJT'/>
	</zone>

<!-- Thailand -->
<!-- Zone	NAME		GMTOFF	RULES	FORMAT	[UNTIL] -->
	<zone name='Asia/Bangkok' gmtoff='6:42:04' format='LMT' tilyear='1880'>
		<!-- Bangkok Mean Time -->
		<zcont gmtoff='6:42:04' format='BMT' tilyear='1920' tilmonth='Apr'/>
		<zcont gmtoff='7:00' format='ICT'/>
	</zone>

<!-- Turkmenistan -->
<!-- From Shanks. -->
<!-- Zone	NAME		GMTOFF	RULES	FORMAT	[UNTIL] -->
	<!-- or Ashkhabad -->
	<zone name='Asia/Ashgabat' gmtoff='3:53:32' format='LMT' tilyear='1924' tilmonth='May' tilday='2'>
		<!-- Ashkhabad Time -->
		<zcont gmtoff='4:00' format='ASHT' tilyear='1930' tilmonth='Jun' tilday='21'/>
		<zcont gmtoff='5:00' rule='RussiaAsia' format='ASH%sT' tilyear='1991' tilmonth='Mar' tilday='31' tiltime='2:00'/>
		<!-- independence -->
		<zcont gmtoff='4:00' rule='RussiaAsia' format='ASH%sT' tilyear='1991' tilmonth='Oct' tilday='27'/>
		<zcont gmtoff='4:00' rule='RussiaAsia' format='TM%sT' tilyear='1992' tilmonth='Jan' tilday='19' tiltime='2:00'/>
		<zcont gmtoff='5:00' format='TMT'/>
	</zone>

<!-- United Arab Emirates -->
<!-- Zone	NAME		GMTOFF	RULES	FORMAT	[UNTIL] -->
	<zone name='Asia/Dubai' gmtoff='3:41:12' format='LMT' tilyear='1920'>
		<zcont gmtoff='4:00' format='GST'/>
	</zone>

<!-- Uzbekistan -->
<!-- Zone	NAME		GMTOFF	RULES	FORMAT	[UNTIL] -->
	<zone name='Asia/Samarkand' gmtoff='4:27:12' format='LMT' tilyear='1924' tilmonth='May' tilday='2'>
		<!-- Samarkand Time -->
		<zcont gmtoff='4:00' format='SAMT' tilyear='1930' tilmonth='Jun' tilday='21'/>
		<zcont gmtoff='5:00' format='SAMT' tilyear='1981' tilmonth='Apr' tilday='1'/>
		<zcont gmtoff='5:00' rule='1:00' format='SAMST' tilyear='1981' tilmonth='Oct' tilday='1'/>
		<!-- Tashkent Time -->
		<zcont gmtoff='6:00' rule='RussiaAsia' format='TAS%sT' tilyear='1991' tilmonth='Mar' tilday='31' tiltime='2:00'/>
		<!-- independence -->
		<zcont gmtoff='5:00' rule='RussiaAsia' format='TAS%sT' tilyear='1991' tilmonth='Sep' tilday='1'/>
		<zcont gmtoff='5:00' rule='RussiaAsia' format='UZ%sT' tilyear='1992'/>
		<zcont gmtoff='5:00' rule='RussiaAsia' format='UZ%sT' tilyear='1993'/>
		<zcont gmtoff='5:00' format='UZT'/>
	</zone>
	<zone name='Asia/Tashkent' gmtoff='4:37:12' format='LMT' tilyear='1924' tilmonth='May' tilday='2'>
		<!-- Tashkent Time -->
		<zcont gmtoff='5:00' format='TAST' tilyear='1930' tilmonth='Jun' tilday='21'/>
		<zcont gmtoff='6:00' rule='RussiaAsia' format='TAS%sT' tilyear='1991' tilmonth='Mar' tilday='31' tiltime='2:00s'/>
		<!-- independence -->
		<zcont gmtoff='5:00' rule='RussiaAsia' format='TAS%sT' tilyear='1991' tilmonth='Sep' tilday='1'/>
		<zcont gmtoff='5:00' rule='RussiaAsia' format='UZ%sT' tilyear='1992'/>
		<zcont gmtoff='5:00' rule='RussiaAsia' format='UZ%sT' tilyear='1993'/>
		<zcont gmtoff='5:00' format='UZT'/>
	</zone>

<!-- Vietnam -->
<!-- From Paul Eggert <eggert@twinsun.com> (1993-11-18): -->
<!-- Saigon's official name is Thanh-Pho Ho Chi Minh, but it's too long. -->
<!-- We'll stick with the traditional name for now. -->
<!-- From Shanks: -->
<!-- Zone	NAME		GMTOFF	RULES	FORMAT	[UNTIL] -->
	<zone name='Asia/Saigon' gmtoff='7:06:40' format='LMT' tilyear='1906' tilmonth='Jun' tilday='9'>
		<!-- Saigon MT? -->
		<zcont gmtoff='7:06:20' format='SMT' tilyear='1911' tilmonth='Mar' tilday='11' tiltime='0:01'/>
		<zcont gmtoff='7:00' format='ICT' tilyear='1912' tilmonth='May'/>
		<zcont gmtoff='8:00' format='ICT' tilyear='1931' tilmonth='May'/>
		<zcont gmtoff='7:00' format='ICT'/>
	</zone>

<!-- Yemen -->
<!-- Zone	NAME		GMTOFF	RULES	FORMAT	[UNTIL] -->
	<zone name='Asia/Aden' gmtoff='3:00:48' format='LMT' tilyear='1950'>
		<zcont gmtoff='3:00' format='AST'/>
	</zone>

</tz>
