<tz>

<!-- @(#)australasia	7.61 -->
<!-- This file also includes Pacific islands. -->

<!-- Notes are at the end of this file -->



<!-- Australia -->

<!-- Rule	NAME	FROM	TO	TYPE	IN	ON	AT	SAVE	LETTER/S -->
	<rule name='Aus' loyear='1917' hiyear='only' month='Jan' day='1' tod='0:01' stdoff='1:00'/>
	<rule name='Aus' loyear='1917' hiyear='only' month='Mar' day='25' tod='2:00' stdoff='0'/>
	<rule name='Aus' loyear='1942' hiyear='only' month='Jan' day='1' tod='2:00' stdoff='1:00'/>
	<rule name='Aus' loyear='1942' hiyear='only' month='Mar' day='29' tod='2:00' stdoff='0'/>
	<rule name='Aus' loyear='1942' hiyear='only' month='Sep' day='27' tod='2:00' stdoff='1:00'/>
	<rule name='Aus' loyear='1943' hiyear='1944' month='Mar' day='lastSun' tod='2:00' stdoff='0'/>
	<rule name='Aus' loyear='1943' hiyear='only' month='Oct' day='3' tod='2:00' stdoff='1:00'/>
<!-- Go with Whitman and the Australian National Standards Commission, which -->
<!-- says W Australia didn't use DST in 1943/1944.  Ignore Whitman's claim that -->
<!-- 1944/1945 was just like 1943/1944. -->

<!-- Zone	NAME		GMTOFF	RULES	FORMAT	[UNTIL] -->
<!-- Northern Territory -->
	<zone name='Australia/Darwin' gmtoff='8:43:20' format='LMT' tilyear='1895' tilmonth='Feb'>
		<zcont gmtoff='9:00' format='CST' tilyear='1899' tilmonth='May'/>
		<zcont gmtoff='9:30' rule='Aus' format='CST'/>
	</zone>
<!-- Western Australia -->
	<zone name='Australia/Perth' gmtoff='7:43:24' format='LMT' tilyear='1895' tilmonth='Dec'>
		<zcont gmtoff='8:00' rule='Aus' format='WST' tilyear='1943' tilmonth='Jul'/>
		<zcont gmtoff='8:00' format='WST' tilyear='1974' tilmonth='Oct' tilday='lastSun' tiltime='2:00s'/>
		<zcont gmtoff='8:00' rule='1:00' format='WST' tilyear='1975' tilmonth='Mar' tilday='Sun&gt;=1' tiltime='2:00s'/>
		<zcont gmtoff='8:00' format='WST' tilyear='1983' tilmonth='Oct' tilday='lastSun' tiltime='2:00s'/>
		<zcont gmtoff='8:00' rule='1:00' format='WST' tilyear='1984' tilmonth='Mar' tilday='Sun&gt;=1' tiltime='2:00s'/>
		<zcont gmtoff='8:00' format='WST' tilyear='1991' tilmonth='Nov' tilday='17' tiltime='2:00s'/>
		<zcont gmtoff='8:00' rule='1:00' format='WST' tilyear='1992' tilmonth='Mar' tilday='Sun&gt;=1' tiltime='2:00s'/>
		<zcont gmtoff='8:00' format='WST'/>
	</zone>
<!-- Queensland -->

<!-- From Alex Livingston <alex@agsm.unsw.edu.au> (1996-11-01): -->
<!-- I have heard or read more than once that some resort islands off the coast -->
<!-- of Queensland chose to keep observing daylight-saving time even after -->
<!-- Queensland ceased to. -->

<!-- From Paul Eggert (1996-11-22): -->
<!-- IATA SSIM (1993-02/1994-09) say that the Holiday Islands (Hayman, Lindeman, -->
<!-- Hamilton) observed DST for two years after the rest of Queensland stopped. -->
<!-- Hamilton is the largest, but there is also a Hamilton in Victoria, -->
<!-- so use Lindeman. -->

<!-- Rule	NAME	FROM	TO	TYPE	IN	ON	AT	SAVE	LETTER/S -->
	<rule name='AQ' loyear='1971' hiyear='only' month='Oct' day='lastSun' tod='2:00s' stdoff='1:00'/>
	<rule name='AQ' loyear='1972' hiyear='only' month='Feb' day='lastSun' tod='2:00s' stdoff='0'/>
	<rule name='AQ' loyear='1989' hiyear='1991' month='Oct' day='lastSun' tod='2:00s' stdoff='1:00'/>
	<rule name='AQ' loyear='1990' hiyear='1992' month='Mar' day='Sun&gt;=1' tod='2:00s' stdoff='0'/>
	<rule name='Holiday' loyear='1992' hiyear='1993' month='Oct' day='lastSun' tod='2:00s' stdoff='1:00'/>
	<rule name='Holiday' loyear='1993' hiyear='1994' month='Mar' day='Sun&gt;=1' tod='2:00s' stdoff='0'/>
	<zone name='Australia/Brisbane' gmtoff='10:12:08' format='LMT' tilyear='1895'>
		<zcont gmtoff='10:00' rule='Aus' format='EST' tilyear='1971'/>
		<zcont gmtoff='10:00' rule='AQ' format='EST'/>
	</zone>
	<zone name='Australia/Lindeman' gmtoff='9:55:56' format='LMT' tilyear='1895'>
		<zcont gmtoff='10:00' rule='Aus' format='EST' tilyear='1971'/>
		<zcont gmtoff='10:00' rule='AQ' format='EST' tilyear='1992' tilmonth='Jul'/>
		<zcont gmtoff='10:00' rule='Holiday' format='EST'/>
	</zone>

<!-- South Australia -->
<!-- Rule	NAME	FROM	TO	TYPE	IN	ON	AT	SAVE	LETTER/S -->
	<rule name='AS' loyear='1971' hiyear='1985' month='Oct' day='lastSun' tod='2:00s' stdoff='1:00'/>
	<rule name='AS' loyear='1986' hiyear='only' month='Oct' day='19' tod='2:00s' stdoff='1:00'/>
	<rule name='AS' loyear='1987' hiyear='max' month='Oct' day='lastSun' tod='2:00s' stdoff='1:00'/>
	<rule name='AS' loyear='1972' hiyear='only' month='Feb' day='27' tod='2:00s' stdoff='0'/>
	<rule name='AS' loyear='1973' hiyear='1985' month='Mar' day='Sun&gt;=1' tod='2:00s' stdoff='0'/>
	<rule name='AS' loyear='1986' hiyear='1989' month='Mar' day='Sun&gt;=15' tod='2:00s' stdoff='0'/>
	<rule name='AS' loyear='1990' hiyear='only' month='Mar' day='Sun&gt;=18' tod='2:00s' stdoff='0'/>
	<rule name='AS' loyear='1991' hiyear='only' month='Mar' day='Sun&gt;=1' tod='2:00s' stdoff='0'/>
	<rule name='AS' loyear='1992' hiyear='only' month='Mar' day='Sun&gt;=18' tod='2:00s' stdoff='0'/>
	<rule name='AS' loyear='1993' hiyear='only' month='Mar' day='Sun&gt;=1' tod='2:00s' stdoff='0'/>
	<rule name='AS' loyear='1994' hiyear='only' month='Mar' day='Sun&gt;=18' tod='2:00s' stdoff='0'/>
	<rule name='AS' loyear='1995' hiyear='max' month='Mar' day='lastSun' tod='2:00s' stdoff='0'/>
<!-- Zone	NAME		GMTOFF	RULES	FORMAT	[UNTIL] -->
	<zone name='Australia/Adelaide' gmtoff='9:14:20' format='LMT' tilyear='1895' tilmonth='Feb'>
		<zcont gmtoff='9:00' format='CST' tilyear='1899' tilmonth='May'/>
		<zcont gmtoff='9:30' rule='Aus' format='CST' tilyear='1971'/>
		<zcont gmtoff='9:30' rule='AS' format='CST'/>
	</zone>

<!-- Tasmania -->
<!-- Rule	NAME	FROM	TO	TYPE	IN	ON	AT	SAVE	LETTER/S -->
	<rule name='AT' loyear='1967' hiyear='only' month='Oct' day='Sun&gt;=1' tod='2:00s' stdoff='1:00'/>
	<rule name='AT' loyear='1968' hiyear='only' month='Mar' day='lastSun' tod='2:00s' stdoff='0'/>
	<rule name='AT' loyear='1968' hiyear='1985' month='Oct' day='lastSun' tod='2:00s' stdoff='1:00'/>
	<rule name='AT' loyear='1969' hiyear='1971' month='Mar' day='Sun&gt;=8' tod='2:00s' stdoff='0'/>
	<rule name='AT' loyear='1972' hiyear='only' month='Feb' day='lastSun' tod='2:00s' stdoff='0'/>
	<rule name='AT' loyear='1973' hiyear='1981' month='Mar' day='Sun&gt;=1' tod='2:00s' stdoff='0'/>
	<rule name='AT' loyear='1982' hiyear='1983' month='Mar' day='lastSun' tod='2:00s' stdoff='0'/>
	<rule name='AT' loyear='1984' hiyear='1986' month='Mar' day='Sun&gt;=1' tod='2:00s' stdoff='0'/>
	<rule name='AT' loyear='1986' hiyear='only' month='Oct' day='Sun&gt;=15' tod='2:00s' stdoff='1:00'/>
	<rule name='AT' loyear='1987' hiyear='1990' month='Mar' day='Sun&gt;=15' tod='2:00s' stdoff='0'/>
	<rule name='AT' loyear='1987' hiyear='only' month='Oct' day='Sun&gt;=22' tod='2:00s' stdoff='1:00'/>
	<rule name='AT' loyear='1988' hiyear='1990' month='Oct' day='lastSun' tod='2:00s' stdoff='1:00'/>
	<rule name='AT' loyear='1991' hiyear='1999' month='Oct' day='Sun&gt;=1' tod='2:00s' stdoff='1:00'/>
	<rule name='AT' loyear='1991' hiyear='max' month='Mar' day='lastSun' tod='2:00s' stdoff='0'/>
	<rule name='AT' loyear='2000' hiyear='only' month='Aug' day='lastSun' tod='2:00s' stdoff='1:00'/>
	<rule name='AT' loyear='2001' hiyear='max' month='Oct' day='Sun&gt;=1' tod='2:00s' stdoff='1:00'/>
<!-- Zone	NAME		GMTOFF	RULES	FORMAT	[UNTIL] -->
	<zone name='Australia/Hobart' gmtoff='9:49:16' format='LMT' tilyear='1895' tilmonth='Sep'>
		<zcont gmtoff='10:00' format='EST' tilyear='1916' tilmonth='Oct' tilday='1' tiltime='2:00'/>
		<zcont gmtoff='10:00' rule='1:00' format='EST' tilyear='1917' tilmonth='Feb'/>
		<zcont gmtoff='10:00' rule='Aus' format='EST' tilyear='1967'/>
		<zcont gmtoff='10:00' rule='AT' format='EST'/>
	</zone>

<!-- Victoria -->
<!-- Rule	NAME	FROM	TO	TYPE	IN	ON	AT	SAVE	LETTER/S -->
	<rule name='AV' loyear='1971' hiyear='1985' month='Oct' day='lastSun' tod='2:00s' stdoff='1:00'/>
	<rule name='AV' loyear='1972' hiyear='only' month='Feb' day='lastSun' tod='2:00s' stdoff='0'/>
	<rule name='AV' loyear='1973' hiyear='1985' month='Mar' day='Sun&gt;=1' tod='2:00s' stdoff='0'/>
	<rule name='AV' loyear='1986' hiyear='1990' month='Mar' day='Sun&gt;=15' tod='2:00s' stdoff='0'/>
	<rule name='AV' loyear='1986' hiyear='1987' month='Oct' day='Sun&gt;=15' tod='2:00s' stdoff='1:00'/>
	<rule name='AV' loyear='1988' hiyear='1999' month='Oct' day='lastSun' tod='2:00s' stdoff='1:00'/>
	<rule name='AV' loyear='1991' hiyear='1994' month='Mar' day='Sun&gt;=1' tod='2:00s' stdoff='0'/>
	<rule name='AV' loyear='1995' hiyear='max' month='Mar' day='lastSun' tod='2:00s' stdoff='0'/>
	<rule name='AV' loyear='2000' hiyear='only' month='Aug' day='lastSun' tod='2:00s' stdoff='1:00'/>
	<rule name='AV' loyear='2001' hiyear='max' month='Oct' day='lastSun' tod='2:00s' stdoff='1:00'/>
<!-- Zone	NAME		GMTOFF	RULES	FORMAT	[UNTIL] -->
	<zone name='Australia/Melbourne' gmtoff='9:39:52' format='LMT' tilyear='1895' tilmonth='Feb'>
		<zcont gmtoff='10:00' rule='Aus' format='EST' tilyear='1971'/>
		<zcont gmtoff='10:00' rule='AV' format='EST'/>
	</zone>

<!-- New South Wales -->
<!-- Rule	NAME	FROM	TO	TYPE	IN	ON	AT	SAVE	LETTER/S -->
	<rule name='AN' loyear='1971' hiyear='1985' month='Oct' day='lastSun' tod='2:00s' stdoff='1:00'/>
	<rule name='AN' loyear='1972' hiyear='only' month='Feb' day='27' tod='2:00s' stdoff='0'/>
	<rule name='AN' loyear='1973' hiyear='1981' month='Mar' day='Sun&gt;=1' tod='2:00s' stdoff='0'/>
	<rule name='AN' loyear='1982' hiyear='only' month='Apr' day='Sun&gt;=1' tod='2:00s' stdoff='0'/>
	<rule name='AN' loyear='1983' hiyear='1985' month='Mar' day='Sun&gt;=1' tod='2:00s' stdoff='0'/>
	<rule name='AN' loyear='1986' hiyear='1989' month='Mar' day='Sun&gt;=15' tod='2:00s' stdoff='0'/>
	<rule name='AN' loyear='1986' hiyear='only' month='Oct' day='19' tod='2:00s' stdoff='1:00'/>
	<rule name='AN' loyear='1987' hiyear='1999' month='Oct' day='lastSun' tod='2:00s' stdoff='1:00'/>
	<rule name='AN' loyear='1990' hiyear='1995' month='Mar' day='Sun&gt;=1' tod='2:00s' stdoff='0'/>
	<rule name='AN' loyear='1996' hiyear='max' month='Mar' day='lastSun' tod='2:00s' stdoff='0'/>
	<rule name='AN' loyear='2000' hiyear='only' month='Aug' day='lastSun' tod='2:00s' stdoff='1:00'/>
	<rule name='AN' loyear='2001' hiyear='max' month='Oct' day='lastSun' tod='2:00s' stdoff='1:00'/>
<!-- Zone	NAME		GMTOFF	RULES	FORMAT	[UNTIL] -->
	<zone name='Australia/Sydney' gmtoff='10:04:52' format='LMT' tilyear='1895' tilmonth='Feb'>
		<zcont gmtoff='10:00' rule='Aus' format='EST' tilyear='1971'/>
		<zcont gmtoff='10:00' rule='AN' format='EST'/>
	</zone>
	<zone name='Australia/Broken_Hill' gmtoff='9:25:48' format='LMT' tilyear='1895' tilmonth='Feb'>
		<zcont gmtoff='10:00' format='EST' tilyear='1896' tilmonth='Aug' tilday='23'/>
		<zcont gmtoff='9:00' format='CST' tilyear='1899' tilmonth='May'/>
		<zcont gmtoff='9:30' rule='Aus' format='CST' tilyear='1971'/>
		<zcont gmtoff='9:30' rule='AN' format='CST' tilyear='2000'/>
		<zcont gmtoff='9:30' rule='AS' format='CST'/>
	</zone>

<!-- Lord Howe Island -->
<!-- Rule	NAME	FROM	TO	TYPE	IN	ON	AT	SAVE	LETTER/S -->
	<rule name='LH' loyear='1981' hiyear='1984' month='Oct' day='lastSun' tod='2:00s' stdoff='1:00'/>
	<rule name='LH' loyear='1982' hiyear='1985' month='Mar' day='Sun&gt;=1' tod='2:00s' stdoff='0'/>
	<rule name='LH' loyear='1985' hiyear='only' month='Oct' day='lastSun' tod='2:00s' stdoff='0:30'/>
	<rule name='LH' loyear='1986' hiyear='1989' month='Mar' day='Sun&gt;=15' tod='2:00s' stdoff='0'/>
	<rule name='LH' loyear='1986' hiyear='only' month='Oct' day='19' tod='2:00s' stdoff='0:30'/>
	<rule name='LH' loyear='1987' hiyear='1999' month='Oct' day='lastSun' tod='2:00s' stdoff='0:30'/>
	<rule name='LH' loyear='1990' hiyear='1995' month='Mar' day='Sun&gt;=1' tod='2:00s' stdoff='0'/>
	<rule name='LH' loyear='1996' hiyear='max' month='Mar' day='lastSun' tod='2:00s' stdoff='0'/>
	<rule name='LH' loyear='2000' hiyear='only' month='Aug' day='lastSun' tod='2:00s' stdoff='0:30'/>
	<rule name='LH' loyear='2001' hiyear='max' month='Oct' day='lastSun' tod='2:00s' stdoff='0:30'/>
	<zone name='Australia/Lord_Howe' gmtoff='10:36:20' format='LMT' tilyear='1895' tilmonth='Feb'>
		<zcont gmtoff='10:00' format='EST' tilyear='1981' tilmonth='Mar'/>
		<zcont gmtoff='10:30' rule='LH' format='LHST'/>
	</zone>

<!-- Australian miscellany -->

<!-- Ashmore Is, Cartier -->
<!-- no indigenous inhabitants; only seasonal caretakers -->
<!-- like Australia/Perth, says Turner -->

<!-- Coral Sea Is -->
<!-- no indigenous inhabitants; only meteorologists -->
<!-- no information -->

<!-- Macquarie -->
<!-- permanent occupation (scientific station) since 1948; -->
<!-- sealing and penguin oil station operated 1888/1917 -->
<!-- like Australia/Hobart, says Turner -->

<!-- Christmas -->
<!-- Zone	NAME		GMTOFF	RULES	FORMAT	[UNTIL] -->
	<zone name='Indian/Christmas' gmtoff='7:02:52' format='LMT' tilyear='1895' tilmonth='Feb'>
		<!-- Christmas Island Time -->
		<zcont gmtoff='7:00' format='CXT'/>
	</zone>

<!-- Cook Is -->
<!-- From Shanks: -->
<!-- Rule	NAME	FROM	TO	TYPE	IN	ON	AT	SAVE	LETTER/S -->
	<rule name='Cook' loyear='1978' hiyear='only' month='Nov' day='12' tod='0:00' stdoff='0:30' abbrvar='HS'/>
	<rule name='Cook' loyear='1979' hiyear='1991' month='Mar' day='Sun&gt;=1' tod='0:00' stdoff='0'/>
	<rule name='Cook' loyear='1979' hiyear='1990' month='Oct' day='lastSun' tod='0:00' stdoff='0:30' abbrvar='HS'/>
<!-- Zone	NAME		GMTOFF	RULES	FORMAT	[UNTIL] -->
	<!-- Avarua -->
	<zone name='Pacific/Rarotonga' gmtoff='-10:39:04' format='LMT' tilyear='1901'>
		<!-- Cook Is Time -->
		<zcont gmtoff='-10:30' format='CKT' tilyear='1978' tilmonth='Nov' tilday='12'/>
		<zcont gmtoff='-10:00' rule='Cook' format='CK%sT'/>
	</zone>

<!-- Cocos -->
<!-- From USNO (1989): -->
<!-- Zone	NAME		GMTOFF	RULES	FORMAT	[UNTIL] -->
	<!-- Cocos Islands Time -->
	<zone name='Indian/Cocos' gmtoff='6:30' format='CCT'/>

<!-- Fiji -->
<!-- Rule	NAME	FROM	TO	TYPE	IN	ON	AT	SAVE	LETTER/S -->
	<rule name='Fiji' loyear='1998' hiyear='1999' month='Nov' day='Sun&gt;=1' tod='2:00' stdoff='1:00' abbrvar='S'/>
	<rule name='Fiji' loyear='1999' hiyear='2000' month='Feb' day='lastSun' tod='3:00' stdoff='0'/>
<!-- Zone	NAME		GMTOFF	RULES	FORMAT	[UNTIL] -->
	<!-- Suva -->
	<zone name='Pacific/Fiji' gmtoff='11:53:40' format='LMT' tilyear='1915' tilmonth='Oct' tilday='26'>
		<!-- Fiji Time -->
		<zcont gmtoff='12:00' rule='Fiji' format='FJ%sT'/>
	</zone>

<!-- French Polynesia -->
<!-- Zone	NAME		GMTOFF	RULES	FORMAT	[UNTIL] -->
	<!-- Rikitea -->
	<zone name='Pacific/Gambier' gmtoff='-8:59:48' format='LMT' tilyear='1912' tilmonth='Oct'>
		<!-- Gambier Time -->
		<zcont gmtoff='-9:00' format='GAMT'/>
	</zone>
	<zone name='Pacific/Marquesas' gmtoff='-9:18:00' format='LMT' tilyear='1912' tilmonth='Oct'>
		<!-- Marquesas Time -->
		<zcont gmtoff='-9:30' format='MART'/>
	</zone>
	<!-- Papeete -->
	<zone name='Pacific/Tahiti' gmtoff='-9:58:16' format='LMT' tilyear='1912' tilmonth='Oct'>
		<!-- Tahiti Time -->
		<zcont gmtoff='-10:00' format='TAHT'/>
	</zone>
<!-- Clipperton (near North America) is administered from French Polynesia; -->
<!-- it is uninhabited. -->

<!-- Guam -->
<!-- Zone	NAME		GMTOFF	RULES	FORMAT	[UNTIL] -->
	<!-- Agana -->
	<zone name='Pacific/Guam' gmtoff='9:39:00' format='LMT' tilyear='1901'>
		<zcont gmtoff='10:00' format='GST'/>
	</zone>

<!-- Kiribati -->
<!-- Zone	NAME		GMTOFF	RULES	FORMAT	[UNTIL] -->
	<!-- Bairiki -->
	<zone name='Pacific/Tarawa' gmtoff='11:32:04' format='LMT' tilyear='1901'>
		<!-- Gilbert Is Time -->
		<zcont gmtoff='12:00' format='GILT'/>
	</zone>
	<zone name='Pacific/Enderbury' gmtoff='-11:24:20' format='LMT' tilyear='1901'>
		<!-- Phoenix Is Time -->
		<zcont gmtoff='-12:00' format='PHOT' tilyear='1979' tilmonth='Oct'/>
		<zcont gmtoff='-11:00' format='PHOT' tilyear='1995'/>
		<zcont gmtoff='13:00' format='PHOT'/>
	</zone>
	<zone name='Pacific/Kiritimati' gmtoff='-10:29:20' format='LMT' tilyear='1901'>
		<!-- Line Is Time -->
		<zcont gmtoff='-10:40' format='LINT' tilyear='1979' tilmonth='Oct'/>
		<zcont gmtoff='-10:00' format='LINT' tilyear='1995'/>
		<zcont gmtoff='14:00' format='LINT'/>
	</zone>

<!-- N Mariana Is -->
<!-- Zone	NAME		GMTOFF	RULES	FORMAT	[UNTIL] -->
	<zone name='Pacific/Saipan' gmtoff='9:43:00' format='LMT' tilyear='1901'>
		<!-- N Mariana Is Time -->
		<zcont gmtoff='9:00' format='MPT' tilyear='1969' tilmonth='Oct'/>
		<zcont gmtoff='10:00' format='MPT'/>
	</zone>

<!-- Marshall Is -->
<!-- Zone	NAME		GMTOFF	RULES	FORMAT	[UNTIL] -->
	<zone name='Pacific/Majuro' gmtoff='11:24:48' format='LMT' tilyear='1901'>
		<!-- Marshall Islands Time -->
		<zcont gmtoff='11:00' format='MHT' tilyear='1969' tilmonth='Oct'/>
		<zcont gmtoff='12:00' format='MHT'/>
	</zone>
	<zone name='Pacific/Kwajalein' gmtoff='11:09:20' format='LMT' tilyear='1901'>
		<zcont gmtoff='11:00' format='MHT' tilyear='1969' tilmonth='Oct'/>
		<!-- Kwajalein Time -->
		<zcont gmtoff='-12:00' format='KWAT' tilyear='1993' tilmonth='Aug' tilday='20'/>
		<zcont gmtoff='12:00' format='MHT'/>
	</zone>

<!-- Micronesia -->
<!-- Zone	NAME		GMTOFF	RULES	FORMAT	[UNTIL] -->
	<!-- Colonia -->
	<zone name='Pacific/Yap' gmtoff='9:12:32' format='LMT' tilyear='1901'>
		<!-- Yap Time -->
		<zcont gmtoff='9:00' format='YAPT' tilyear='1969' tilmonth='Oct'/>
		<zcont gmtoff='10:00' format='YAPT'/>
	</zone>
	<zone name='Pacific/Truk' gmtoff='10:07:08' format='LMT' tilyear='1901'>
		<!-- Truk Time -->
		<zcont gmtoff='10:00' format='TRUT'/>
	</zone>
	<!-- Kolonia -->
	<zone name='Pacific/Ponape' gmtoff='10:32:52' format='LMT' tilyear='1901'>
		<!-- Ponape Time -->
		<zcont gmtoff='11:00' format='PONT'/>
	</zone>
	<zone name='Pacific/Kosrae' gmtoff='10:51:56' format='LMT' tilyear='1901'>
		<!-- Kosrae Time -->
		<zcont gmtoff='11:00' format='KOST' tilyear='1969' tilmonth='Oct'/>
		<zcont gmtoff='12:00' format='KOST' tilyear='1999'/>
		<zcont gmtoff='11:00' format='KOST'/>
	</zone>

<!-- Nauru -->
<!-- Zone	NAME		GMTOFF	RULES	FORMAT	[UNTIL] -->
	<!-- Uaobe -->
	<zone name='Pacific/Nauru' gmtoff='11:07:40' format='LMT' tilyear='1921' tilmonth='Jan' tilday='15'>
		<!-- Nauru Time -->
		<zcont gmtoff='11:30' format='NRT' tilyear='1942' tilmonth='Mar' tilday='15'/>
		<zcont gmtoff='9:00' format='JST' tilyear='1944' tilmonth='Aug' tilday='15'/>
		<zcont gmtoff='11:30' format='NRT' tilyear='1979' tilmonth='May'/>
		<zcont gmtoff='12:00' format='NRT'/>
	</zone>

<!-- New Caledonia -->
<!-- Rule	NAME	FROM	TO	TYPE	IN	ON	AT	SAVE	LETTER/S -->
	<rule name='NC' loyear='1977' hiyear='1978' month='Dec' day='Sun&gt;=1' tod='0:00' stdoff='1:00' abbrvar='S'/>
	<rule name='NC' loyear='1978' hiyear='1979' month='Feb' day='27' tod='0:00' stdoff='0'/>
	<rule name='NC' loyear='1996' hiyear='only' month='Dec' day='1' tod='2:00s' stdoff='1:00' abbrvar='S'/>
<!-- Shanks says the following was at 2:00; go with IATA. -->
	<rule name='NC' loyear='1997' hiyear='only' month='Mar' day='2' tod='2:00s' stdoff='0'/>
<!-- Zone	NAME		GMTOFF	RULES	FORMAT	[UNTIL] -->
	<zone name='Pacific/Noumea' gmtoff='11:05:48' format='LMT' tilyear='1912' tilmonth='Jan' tilday='13'>
		<zcont gmtoff='11:00' rule='NC' format='NC%sT'/>
	</zone>




<!-- New Zealand -->

<!-- Rule	NAME	FROM	TO	TYPE	IN	ON	AT	SAVE	LETTER/S -->
<!-- Shanks gives 1927 Nov 6 - 1928 Mar 4, 1928 Oct 14 - 1929 Mar 17, -->
<!-- 1929 Oct 13 - 1930 Mar 16; go with Whitman. -->
	<rule name='NZ' loyear='1927' hiyear='only' month='Nov' day='26' tod='2:00' stdoff='0:30' abbrvar='HD'/>
	<rule name='NZ' loyear='1928' hiyear='1929' month='Mar' day='Sun&gt;=1' tod='2:00' stdoff='0' abbrvar='S'/>
	<rule name='NZ' loyear='1928' hiyear='only' month='Nov' day='4' tod='2:00' stdoff='0:30' abbrvar='HD'/>
	<rule name='NZ' loyear='1929' hiyear='only' month='Oct' day='30' tod='2:00' stdoff='0:30' abbrvar='HD'/>
	<rule name='NZ' loyear='1930' hiyear='1933' month='Mar' day='Sun&gt;=15' tod='2:00' stdoff='0' abbrvar='S'/>
	<rule name='NZ' loyear='1930' hiyear='1933' month='Oct' day='Sun&gt;=8' tod='2:00' stdoff='0:30' abbrvar='HD'/>
<!-- Whitman says DST went on and off during war years, and the base UT offset -->
<!-- didn't change until 1945 Apr 30; go with Shanks. -->
	<rule name='NZ' loyear='1934' hiyear='1940' month='Apr' day='lastSun' tod='2:00' stdoff='0' abbrvar='S'/>
	<rule name='NZ' loyear='1934' hiyear='1939' month='Sep' day='lastSun' tod='2:00' stdoff='0:30' abbrvar='HD'/>
	<rule name='NZ' loyear='1974' hiyear='only' month='Nov' day='3' tod='2:00s' stdoff='1:00' abbrvar='D'/>
	<rule name='NZ' loyear='1975' hiyear='1988' month='Oct' day='lastSun' tod='2:00s' stdoff='1:00' abbrvar='D'/>
	<rule name='NZ' loyear='1989' hiyear='only' month='Oct' day='8' tod='2:00s' stdoff='1:00' abbrvar='D'/>
	<rule name='NZ' loyear='1990' hiyear='max' month='Oct' day='Sun&gt;=1' tod='2:00s' stdoff='1:00' abbrvar='D'/>
	<rule name='NZ' loyear='1975' hiyear='only' month='Feb' day='23' tod='2:00s' stdoff='0' abbrvar='S'/>
	<rule name='NZ' loyear='1976' hiyear='1989' month='Mar' day='Sun&gt;=1' tod='2:00s' stdoff='0' abbrvar='S'/>
	<rule name='NZ' loyear='1990' hiyear='max' month='Mar' day='Sun&gt;=15' tod='2:00s' stdoff='0' abbrvar='S'/>
	<rule name='Chatham' loyear='1990' hiyear='max' month='Oct' day='Sun&gt;=1' tod='2:45s' stdoff='1:00' abbrvar='D'/>
	<rule name='Chatham' loyear='1991' hiyear='max' month='Mar' day='Sun&gt;=15' tod='2:45s' stdoff='0' abbrvar='S'/>
<!-- Zone	NAME		GMTOFF	RULES	FORMAT	[UNTIL] -->
	<zone name='Pacific/Auckland' gmtoff='11:39:04' format='LMT' tilyear='1868'>
		<zcont gmtoff='11:30' rule='NZ' format='NZ%sT' tilyear='1940' tilmonth='Sep' tilday='29' tiltime='2:00'/>
		<zcont gmtoff='12:00' rule='NZ' format='NZ%sT'/>
	</zone>
	<zone name='Pacific/Chatham' gmtoff='12:45' rule='Chatham' format='CHA%sT'/>


<!-- Auckland Is -->
<!-- uninhabited; Maori and Moriori, colonial settlers, pastoralists, sealers, -->
<!-- and scientific personnel have wintered -->

<!-- Campbell I -->
<!-- minor whaling stations operated 1909/1914 -->
<!-- scientific station operated 1941/1995; -->
<!-- previously whalers, sealers, pastoralists, and scientific personnel wintered -->
<!-- was probably like Pacific/Auckland -->




<!-- Niue -->
<!-- Zone	NAME		GMTOFF	RULES	FORMAT	[UNTIL] -->
	<!-- Alofi -->
	<zone name='Pacific/Niue' gmtoff='-11:19:40' format='LMT' tilyear='1901'>
		<!-- Niue Time -->
		<zcont gmtoff='-11:20' format='NUT' tilyear='1951'/>
		<zcont gmtoff='-11:30' format='NUT' tilyear='1978' tilmonth='Oct' tilday='1'/>
		<zcont gmtoff='-11:00' format='NUT'/>
	</zone>

<!-- Norfolk -->
<!-- Zone	NAME		GMTOFF	RULES	FORMAT	[UNTIL] -->
	<!-- Kingston -->
	<zone name='Pacific/Norfolk' gmtoff='11:11:52' format='LMT' tilyear='1901'>
		<!-- Norfolk Mean Time -->
		<zcont gmtoff='11:12' format='NMT' tilyear='1951'/>
		<!-- Norfolk Time -->
		<zcont gmtoff='11:30' format='NFT'/>
	</zone>

<!-- Palau (Belau) -->
<!-- Zone	NAME		GMTOFF	RULES	FORMAT	[UNTIL] -->
	<!-- Koror -->
	<zone name='Pacific/Palau' gmtoff='8:57:56' format='LMT' tilyear='1901'>
		<!-- Palau Time -->
		<zcont gmtoff='9:00' format='PWT'/>
	</zone>

<!-- Papua New Guinea -->
<!-- Zone	NAME		GMTOFF	RULES	FORMAT	[UNTIL] -->
	<zone name='Pacific/Port_Moresby' gmtoff='9:48:40' format='LMT' tilyear='1880'>
		<!-- Port Moresby Mean Time -->
		<zcont gmtoff='9:48:40' format='PMMT' tilyear='1895'/>
		<!-- Papua New Guinea Time -->
		<zcont gmtoff='10:00' format='PGT'/>
	</zone>

<!-- Pitcairn -->
<!-- Zone	NAME		GMTOFF	RULES	FORMAT	[UNTIL] -->
	<!-- Adamstown -->
	<zone name='Pacific/Pitcairn' gmtoff='-8:40:20' format='LMT' tilyear='1901'>
		<zcont gmtoff='-8:30' format='PNT' tilyear='1998' tilmonth='Apr' tilday='27' tiltime='00:00'/>
		<!-- Pitcairn Standard Time -->
		<zcont gmtoff='-8:00' format='PST'/>
	</zone>

<!-- American Samoa -->
	<zone name='Pacific/Pago_Pago' gmtoff='12:37:12' format='LMT' tilyear='1879' tilmonth='Jul' tilday='5'>
		<zcont gmtoff='-11:22:48' format='LMT' tilyear='1911'/>
		<!-- Samoa Time -->
		<zcont gmtoff='-11:30' format='SAMT' tilyear='1950'/>
		<!-- N=Nome -->
		<zcont gmtoff='-11:00' format='NST' tilyear='1967' tilmonth='Apr'/>
		<!-- B=Bering -->
		<zcont gmtoff='-11:00' format='BST' tilyear='1983' tilmonth='Nov' tilday='30'/>
		<!-- S=Samoa -->
		<zcont gmtoff='-11:00' format='SST'/>
	</zone>

<!-- W Samoa -->
	<zone name='Pacific/Apia' gmtoff='12:33:04' format='LMT' tilyear='1879' tilmonth='Jul' tilday='5'>
		<zcont gmtoff='-11:26:56' format='LMT' tilyear='1911'/>
		<!-- Samoa Time -->
		<zcont gmtoff='-11:30' format='SAMT' tilyear='1950'/>
		<!-- W Samoa Time -->
		<zcont gmtoff='-11:00' format='WST'/>
	</zone>

<!-- Solomon Is -->
<!-- excludes Bougainville, for which see Papua New Guinea -->
<!-- Zone	NAME		GMTOFF	RULES	FORMAT	[UNTIL] -->
	<!-- Honiara -->
	<zone name='Pacific/Guadalcanal' gmtoff='10:39:48' format='LMT' tilyear='1912' tilmonth='Oct'>
		<!-- Solomon Is Time -->
		<zcont gmtoff='11:00' format='SBT'/>
	</zone>

<!-- Tokelau Is -->
<!-- Zone	NAME		GMTOFF	RULES	FORMAT	[UNTIL] -->
	<zone name='Pacific/Fakaofo' gmtoff='-11:24:56' format='LMT' tilyear='1901'>
		<!-- Tokelau Time -->
		<zcont gmtoff='-10:00' format='TKT'/>
	</zone>

<!-- Tonga -->
<!-- Rule	NAME	FROM	TO	TYPE	IN	ON	AT	SAVE	LETTER/S -->
	<rule name='Tonga' loyear='1999' hiyear='only' month='Oct' day='7' tod='2:00s' stdoff='1:00' abbrvar='S'/>
	<rule name='Tonga' loyear='2000' hiyear='only' month='Mar' day='19' tod='2:00s' stdoff='0'/>
	<rule name='Tonga' loyear='2000' hiyear='only' month='Nov' day='4' tod='2:00s' stdoff='1:00' abbrvar='S'/>
	<rule name='Tonga' loyear='2001' hiyear='only' month='Jan' day='27' tod='2:00s' stdoff='0'/>
<!-- Zone	NAME		GMTOFF	RULES	FORMAT	[UNTIL] -->
	<zone name='Pacific/Tongatapu' gmtoff='12:19:20' format='LMT' tilyear='1901'>
		<!-- Tonga Time -->
		<zcont gmtoff='12:20' format='TOT' tilyear='1941'/>
		<zcont gmtoff='13:00' format='TOT' tilyear='1999'/>
		<zcont gmtoff='13:00' rule='Tonga' format='TO%sT'/>
	</zone>

<!-- Tuvalu -->
<!-- Zone	NAME		GMTOFF	RULES	FORMAT	[UNTIL] -->
	<zone name='Pacific/Funafuti' gmtoff='11:56:52' format='LMT' tilyear='1901'>
		<!-- Tuvalu Time -->
		<zcont gmtoff='12:00' format='TVT'/>
	</zone>


<!-- US minor outlying islands -->

<!-- Howland, Baker -->
<!-- uninhabited since World War II -->
<!-- no information; was probably like Pacific/Pago_Pago -->

<!-- Jarvis -->
<!-- uninhabited since 1958 -->
<!-- no information; was probably like Pacific/Kiritimati -->

<!-- Johnston -->
<!-- Zone	NAME		GMTOFF	RULES	FORMAT	[UNTIL] -->
	<zone name='Pacific/Johnston' gmtoff='-10:00' format='HST'/>

<!-- Kingman -->
<!-- uninhabited -->

<!-- Midway -->
	<zone name='Pacific/Midway' gmtoff='-11:49:28' format='LMT' tilyear='1901'>
		<!-- N=Nome -->
		<zcont gmtoff='-11:00' format='NST' tilyear='1967' tilmonth='Apr'/>
		<!-- B=Bering -->
		<zcont gmtoff='-11:00' format='BST' tilyear='1983' tilmonth='Nov' tilday='30'/>
		<!-- S=Samoa -->
		<zcont gmtoff='-11:00' format='SST'/>
	</zone>

<!-- Palmyra -->
<!-- uninhabited since World War II; was probably like Pacific/Kiritimati -->

<!-- Wake -->
<!-- Zone	NAME		GMTOFF	RULES	FORMAT	[UNTIL] -->
	<zone name='Pacific/Wake' gmtoff='11:06:28' format='LMT' tilyear='1901'>
		<!-- Wake Time -->
		<zcont gmtoff='12:00' format='WAKT'/>
	</zone>


<!-- Vanuatu -->
<!-- Rule	NAME	FROM	TO	TYPE	IN	ON	AT	SAVE	LETTER/S -->
	<rule name='Vanuatu' loyear='1983' hiyear='only' month='Sep' day='25' tod='0:00' stdoff='1:00' abbrvar='S'/>
	<rule name='Vanuatu' loyear='1984' hiyear='1991' month='Mar' day='Sun&gt;=23' tod='0:00' stdoff='0'/>
	<rule name='Vanuatu' loyear='1984' hiyear='only' month='Oct' day='23' tod='0:00' stdoff='1:00' abbrvar='S'/>
	<rule name='Vanuatu' loyear='1985' hiyear='1991' month='Sep' day='Sun&gt;=23' tod='0:00' stdoff='1:00' abbrvar='S'/>
	<rule name='Vanuatu' loyear='1992' hiyear='1993' month='Jan' day='Sun&gt;=23' tod='0:00' stdoff='0'/>
	<rule name='Vanuatu' loyear='1992' hiyear='only' month='Oct' day='Sun&gt;=23' tod='0:00' stdoff='1:00' abbrvar='S'/>
<!-- Zone	NAME		GMTOFF	RULES	FORMAT	[UNTIL] -->
	<!-- Vila -->
	<zone name='Pacific/Efate' gmtoff='11:13:16' format='LMT' tilyear='1912' tilmonth='Jan' tilday='13'>
		<!-- Vanuatu Time -->
		<zcont gmtoff='11:00' rule='Vanuatu' format='VU%sT'/>
	</zone>

<!-- Wallis and Futuna -->
<!-- Zone	NAME		GMTOFF	RULES	FORMAT	[UNTIL] -->
	<zone name='Pacific/Wallis' gmtoff='12:15:20' format='LMT' tilyear='1901'>
		<!-- Wallis & Futuna Time -->
		<zcont gmtoff='12:00' format='WFT'/>
	</zone>



<!-- NOTES -->

<!-- This data is by no means authoritative; if you think you know better, -->
<!-- go ahead and edit the file (and please send any changes to -->
<!-- tz@elsie.nci.nih.gov for general use in the future). -->

<!-- From Paul Eggert <eggert@twinsun.com> (1999-10-29): -->
<!-- A good source for time zone historical data outside the U.S. is -->
<!-- Thomas G. Shanks, The International Atlas (5th edition), -->
<!-- San Diego: ACS Publications, Inc. (1999). -->

<!-- Gwillim Law <Gwil_Law@bridge-point.com> writes that a good source -->
<!-- for recent time zone data is the International Air Transport -->
<!-- Association's Standard Schedules Information Manual (IATA SSIM), -->
<!-- published semiannually.  Law sent in several helpful summaries -->
<!-- of the IATA's data after 1990. -->

<!-- Except where otherwise noted, Shanks is the source for entries through 1990, -->
<!-- and IATA SSIM is the source for entries after 1990. -->

<!-- Another source occasionally used is Edward W. Whitman, World Time Differences, -->
<!-- Whitman Publishing Co, 2 Niagara Av, Ealing, London (undated), which -->
<!-- I found in the UCLA library. -->

<!-- A reliable and entertaining source about time zones is -->
<!-- Derek Howse, Greenwich time and longitude, Philip Wilson Publishers (1997). -->

<!-- I invented the abbreviations marked `*' in the following table; -->
<!-- the rest are from earlier versions of this file, or from other sources. -->
<!-- Corrections are welcome! -->
<!-- std dst -->
<!-- LMT	Local Mean Time -->
<!-- 8:00	WST WST	Western Australia -->
<!-- 9:00	JST	Japan -->
<!-- 9:30	CST CST	Central Australia -->
<!-- 10:00	EST EST	Eastern Australia -->
<!-- 10:00	GST	Guam -->
<!-- 10:30	LHST LHST Lord Howe* -->
<!-- 12:00	NZST NZDT New Zealand -->
<!-- 12:45	CHAST CHADT Chatham* -->
<!-- -11:00	SST	Samoa -->
<!-- -10:00	HST	Hawaii -->
<!-- - 8:00	PST	Pitcairn* -->

<!-- See the `northamerica' file for Hawaii. -->
<!-- See the `southamerica' file for Easter I and the Galapagos Is. -->



<!-- Australia -->

<!-- <a href="http://www.dstc.qut.edu.au/DST/marg/daylight.html"> -->
<!-- Australia's Daylight Saving Times -->
<!-- </a>, by Margaret Turner, summarizes daylight saving issues in Australia. -->

<!-- From John Mackin (1991-03-06): -->
<!-- We in Australia have _never_ referred to DST as `daylight' time. -->
<!-- It is called `summer' time.  Now by a happy coincidence, `summer' -->
<!-- and `standard' happen to start with the same letter; hence, the -->
<!-- abbreviation does _not_ change... -->
<!-- The legislation does not actually define abbreviations, at least -->
<!-- in this State, but the abbreviation is just commonly taken to be the -->
<!-- initials of the phrase, and the legislation here uniformly uses -->
<!-- the phrase `summer time' and does not use the phrase `daylight -->
<!-- time'. -->
<!-- Announcers on the Commonwealth radio network, the ABC (for Australian -->
<!-- Broadcasting Commission), use the phrases `Eastern Standard Time' -->
<!-- or `Eastern Summer Time'.  (Note, though, that as I say in the -->
<!-- current australasia file, there is really no such thing.)  Announcers -->
<!-- on its overseas service, Radio Australia, use the same phrases -->
<!-- prefixed by the word `Australian' when referring to local times; -->
<!-- time announcements on that service, naturally enough, are made in UTC. -->

<!-- From Arthur David Olson (March 8 1992): -->
<!-- Given the above, what's chosen for year-round use is: -->
<!-- CST	for any place operating at a GMTOFF of 9:30 -->
<!-- WST	for any place operating at a GMTOFF of 8:00 -->
<!-- EST	for any place operating at a GMTOFF of 10:00 -->

<!-- From Paul Eggert (1995-12-19): -->
<!-- Shanks reports 2:00 for all autumn changes in Australia and New Zealand. -->
<!-- Mark Prior <mrp@itd.adelaide.edu.au> writes that his newspaper -->
<!-- reports that NSW's fall 1995 change will occur at 2:00, -->
<!-- but Robert Elz says it's been 3:00 in Victoria since 1970 -->
<!-- and perhaps the newspaper's `2:00' is referring to standard time. -->
<!-- For now we'll continue to assume 2:00s for changes since 1960. -->

<!-- From Eric Ulevik <eau@zip.com.au> (1998-01-05): -->

<!-- Here are some URLs to Australian time legislation. These URLs are stable, -->
<!-- and should probably be included in the data file. There are probably more -->
<!-- relevant entries in this database. -->

<!-- NSW (including LHI and Broken Hill): -->
<!-- <a href="http://www.austlii.edu.au/au/legis/nsw/consol_act/sta1987137/index.html"> -->
<!-- Standard Time Act 1987 (updated 1995-04-04) -->
<!-- </a> -->
<!-- ACT -->
<!-- <a href="http://www.austlii.edu.au/au/legis/act/consol_act/stasta1972279/index.html"> -->
<!-- Standard Time and Summer Time Act 1972 -->
<!-- </a> -->
<!-- SA -->
<!-- <a href="http://www.austlii.edu.au/au/legis/sa/consol_act/sta1898137/index.html"> -->
<!-- Standard Time Act, 1898 -->
<!-- </a> -->

<!-- Northern Territory -->

<!-- From George Shepherd via Simon Woodhead via Robert Elz (1991-03-06): -->
<!-- The NORTHERN TERRITORY..  [ Courtesy N.T. Dept of the Chief Minister ] -->
<!-- [ Nov 1990 ] -->
<!-- N.T. have never utilised any DST due to sub-tropical/tropical location. -->
<!-- ... -->
<!-- Zone        Australia/North         9:30    -       CST -->

<!-- From Bradley White (1991-03-04): -->
<!-- A recent excerpt from an Australian newspaper... -->
<!-- the Northern Territory do[es] not have daylight saving. -->

<!-- Western Australia -->

<!-- From George Shepherd via Simon Woodhead via Robert Elz (1991-03-06): -->
<!-- The state of WESTERN AUSTRALIA..  [ Courtesy W.A. dept Premier+Cabinet ] -->
<!-- [ Nov 1990 ] -->
<!-- W.A. suffers from a great deal of public and political opposition to -->
<!-- DST in principle. A bill is brought before parliament in most years, but -->
<!-- usually defeated either in the upper house, or in party caucus -->
<!-- before reaching parliament. -->
<!-- ... -->
<!-- Zone	Australia/West		8:00	AW	%sST -->
<!-- ... -->
<!-- Rule	AW	1974	only	-	Oct	lastSun	2:00	1:00	D -->
<!-- Rule	AW	1975	only	-	Mar	Sun>=1	3:00	0	W -->
<!-- Rule	AW	1983	only	-	Oct	lastSun	2:00	1:00	D -->
<!-- Rule	AW	1984	only	-	Mar	Sun>=1	3:00	0	W -->

<!-- From Bradley White (1991-03-04): -->
<!-- A recent excerpt from an Australian newspaper... -->
<!-- Western Australia...do[es] not have daylight saving. -->

<!-- From John D. Newman via Bradley White (1991-11-02): -->
<!-- Western Australia is still on "winter time". Some DH in Sydney -->
<!-- rang me at home a few days ago at 6.00am. (He had just arrived at -->
<!-- work at 9.00am.) -->
<!-- W.A. is switching to Summer Time on Nov 17th just to confuse -->
<!-- everybody again. -->

<!-- From Arthur David Olson (1992-03-08): -->
<!-- The 1992 ending date used in the rules is a best guess; -->
<!-- it matches what was used in the past. -->

<!-- <a href="http://www.bom.gov.au/faq/faqgen.htm"> -->
<!-- The Australian Bureau of Meteorology FAQ -->
<!-- </a> (1999-09-27) writes that Giles Meteorological Station uses -->
<!-- South Australian time even though it's located in Western Australia. -->

<!-- Queensland -->
<!-- From George Shepherd via Simon Woodhead via Robert Elz (1991-03-06): -->
<!-- The state of QUEENSLAND.. [ Courtesy Qld. Dept Premier Econ&Trade Devel ] -->
<!-- [ Dec 1990 ] -->
<!-- ... -->
<!-- Zone	Australia/Queensland	10:00	AQ	%sST -->
<!-- ... -->
<!-- Rule	AQ	1971	only	-	Oct	lastSun	2:00	1:00	D -->
<!-- Rule	AQ	1972	only	-	Feb	lastSun	3:00	0	E -->
<!-- Rule	AQ	1989	max	-	Oct	lastSun	2:00	1:00	D -->
<!-- Rule	AQ	1990	max	-	Mar	Sun>=1	3:00	0	E -->

<!-- From Bradley White (1989-12-24): -->
<!-- "Australia/Queensland" now observes daylight time (i.e. from -->
<!-- October 1989). -->

<!-- From Bradley White (1991-03-04): -->
<!-- A recent excerpt from an Australian newspaper... -->
<!-- ...Queensland...[has] agreed to end daylight saving -->
<!-- at 3am tomorrow (March 3)... -->

<!-- From John Mackin (1991-03-06): -->
<!-- I can certainly confirm for my part that Daylight Saving in NSW did in fact -->
<!-- end on Sunday, 3 March.  I don't know at what hour, though.  (It surprised -->
<!-- me.) -->

<!-- From Bradley White (1992-03-08): -->
<!-- ...there was recently a referendum in Queensland which resulted -->
<!-- in the experimental daylight saving system being abandoned. So, ... -->
<!-- ... -->
<!-- Rule	QLD	1989	1991	-	Oct	lastSun	2:00	1:00	D -->
<!-- Rule	QLD	1990	1992	-	Mar	Sun>=1	3:00	0	S -->
<!-- ... -->

<!-- From Arthur David Olson (1992-03-08): -->
<!-- The chosen rules the union of the 1971/1972 change and the 1989-1992 changes. -->

<!-- South Australia, Tasmania, Victoria -->

<!-- From Arthur David Olson (1992-03-08): -->
<!-- The rules from version 7.1 follow. -->
<!-- There are lots of differences between these rules and -->
<!-- the Shepherd et al. rules.  Since the Shepherd et al. rules -->
<!-- and Bradley White's newspaper article are in agreement on -->
<!-- current DST ending dates, no worries. -->

<!-- Rule	Oz	1971	1985	-	Oct	lastSun	2:00	1:00	- -->
<!-- Rule	Oz	1986	max	-	Oct	Sun<=24	2:00	1:00	- -->
<!-- Rule	Oz	1972	only	-	Feb	27	3:00	0	- -->
<!-- Rule	Oz	1973	1986	-	Mar	Sun>=1	3:00	0	- -->
<!-- Rule	Oz	1987	max	-	Mar	Sun<=21	3:00	0	- -->
<!-- Zone	Australia/Tasmania	10:00	Oz	EST -->
<!-- Zone	Australia/South		9:30	Oz	CST -->
<!-- Zone	Australia/Victoria	10:00	Oz	EST	1985 Oct lastSun 2:00 -->
<!-- 10:00	1:00	EST	1986 Mar Sun<=21 3:00 -->
<!-- 10:00	Oz	EST -->

<!-- From Robert Elz (1991-03-06): -->
<!-- I believe that the current start date for DST is "lastSun" in Oct... -->
<!-- that changed Oct 89.  That is, we're back to the -->
<!-- original rule, and that rule currently applies in all the states -->
<!-- that have dst, incl Qld.  (Certainly it was true in Vic). -->
<!-- The file I'm including says that happened in 1988, I think -->
<!-- that's incorrect, but I'm not 100% certain. -->

<!-- South Australia -->

<!-- From Bradley White (1991-03-04): -->
<!-- A recent excerpt from an Australian newspaper... -->
<!-- ...South Australia...[has] agreed to end daylight saving -->
<!-- at 3am tomorrow (March 3)... -->

<!-- From George Shepherd via Simon Woodhead via Robert Elz (1991-03-06): -->
<!-- The state of SOUTH AUSTRALIA....[ Courtesy of S.A. Dept of Labour ] -->
<!-- [ Nov 1990 ] -->
<!-- ... -->
<!-- Zone	Australia/South		9:30	AS	%sST -->
<!-- ... -->
<!-- Rule	 AS	1971	max	-	Oct	lastSun	2:00	1:00	D -->
<!-- Rule	 AS	1972	1985	-	Mar	Sun>=1	3:00	0	C -->
<!-- Rule	 AS	1986	1990	-	Mar	Sun<=21	3:00	0	C -->
<!-- Rule	 AS	1991	max	-	Mar	Sun>=1	3:00	0	C -->

<!-- From Bradley White (1992-03-11): -->
<!-- Recent correspondence with a friend in Adelaide -->
<!-- contained the following exchange:  "Due to the Adelaide Festival, -->
<!-- South Australia delays setting back our clocks for a few weeks." -->

<!-- From Robert Elz (1992-03-13): -->
<!-- I heard that apparently (or at least, it appears that) -->
<!-- South Aus will have an extra 3 weeks daylight saving every even -->
<!-- numbered year (from 1990).  That's when the Adelaide Festival -->
<!-- is on... -->

<!-- From Robert Elz (1992-03-16, 00:57:07 +1000): -->
<!-- DST didn't end in Adelaide today (yesterday).... -->
<!-- But whether it's "4th Sunday" or "2nd last Sunday" I have no idea whatever... -->
<!-- (it's just as likely to be "the Sunday we pick for this year"...). -->

<!-- From Bradley White (1994-04-11): -->
<!-- If Sun, 15 March, 1992 was at +1030 as kre asserts, but yet Sun, 20 March, -->
<!-- 1994 was at +0930 as John Connolly's customer seems to assert, then I can -->
<!-- only conclude that the actual rule is more complicated.... -->

<!-- From John Warburton <jwarb@SACBH.com.au> (1994-10-07): -->
<!-- The new Daylight Savings dates for South Australia ... -->
<!-- was gazetted in the Government Hansard on Sep 26 1994.... -->
<!-- start on last Sunday in October and end in last sunday in March. -->

<!-- Tasmania -->

<!-- The rules for 1967 through 1991 were reported by George Shepherd -->
<!-- via Simon Woodhead via Robert Elz (1991-03-06): -->
<!-- The state of TASMANIA.. [Courtesy Tasmanian Dept of Premier + Cabinet ] -->
<!-- [ Nov 1990 ] -->

<!-- From Bill Hart via Guy Harris (1991-10-10): -->
<!-- Oh yes, the new daylight savings rules are uniquely tasmanian, we have -->
<!-- 6 weeks a year now when we are out of sync with the rest of Australia -->
<!-- (but nothing new about that). -->

<!-- From Alex Livingston (1999-10-04): -->
<!-- I heard on the ABC (Australian Broadcasting Corporation) radio news on the -->
<!-- (long) weekend that Tasmania, which usually goes its own way in this regard, -->
<!-- has decided to join with most of NSW, the ACT, and most of Victoria -->
<!-- (Australia) and start daylight saving on the last Sunday in August in 2000 -->
<!-- instead of the first Sunday in October. -->

<!-- Sim Alam (2000-07-03) reported a legal citation for the 2000/2001 rules: -->
<!-- http://www.thelaw.tas.gov.au/fragview/42++1968+GS3A@EN+2000070300 -->

<!-- Victoria -->

<!-- The rules for 1971 through 1991 were reported by George Shepherd -->
<!-- via Simon Woodhead via Robert Elz (1991-03-06): -->
<!-- The state of VICTORIA.. [ Courtesy of Vic. Dept of Premier + Cabinet ] -->
<!-- [ Nov 1990 ] -->

<!-- New South Wales -->

<!-- From Arthur David Olson: -->
<!-- New South Wales and subjurisdictions have their own ideas of a fun time. -->
<!-- Based on law library research by John Mackin (john@basser.cs.su.oz), -->
<!-- who notes: -->
<!-- In Australia, time is not legislated federally, but rather by the -->
<!-- individual states.  Thus, while such terms as ``Eastern Standard Time'' -->
<!-- [I mean, of course, Australian EST, not any other kind] are in common -->
<!-- use, _they have NO REAL MEANING_, as they are not defined in the -->
<!-- legislation.  This is very important to understand. -->
<!-- I have researched New South Wales time only... -->

<!-- From Paul Eggert (1999-09-27): -->
<!-- The Information Service of the Australian National Standards Commission -->
<!-- <a href="http://www.nsc.gov.au/InfoServ/Ileaflet/il27.htm"> -->
<!-- Daylight Saving -->
<!-- </a> page (1995-04) has an excellent overall history of Australian DST. -->
<!-- The Community Relations Division of the NSW Attorney General's Department -->
<!-- publishes a history of daylight saving in NSW.  See: -->
<!-- <a href="http://www.lawlink.nsw.gov.au/crd.nsf/pages/time2"> -->
<!-- Lawlink NSW: Daylight Saving in New South Wales -->
<!-- </a> -->

<!-- From Eric Ulevik <eau@ozemail.com.au> (1999-05-26): -->
<!-- DST will start in NSW on the last Sunday of August, rather than the usual -->
<!-- October in 2000.  [See: Matthew Moore, -->
<!-- <a href="http://www.smh.com.au/news/9905/26/pageone/pageone4.html"> -->
<!-- Two months more daylight saving -->
<!-- </a> -->
<!-- Sydney Morning Herald (1999-05-26).] -->

<!-- From Paul Eggert (1999-09-27): -->
<!-- See the following official NSW source: -->
<!-- <a href="http://dir.gis.nsw.gov.au/cgi-bin/genobject/document/other/daylightsaving/tigGmZ"> -->
<!-- Daylight Saving in New South Wales. -->
<!-- </a> -->

<!-- Narrabri Shire (NSW) council has announced it will ignore the extension of -->
<!-- daylight saving next year.  See: -->
<!-- <a href="http://abc.net.au/news/regionals/neweng/monthly/regeng-22jul1999-1.htm"> -->
<!-- Narrabri Council to ignore daylight saving -->
<!-- </a> (1999-07-22).  For now, we'll wait to see if this really happens. -->

<!-- Victoria will following NSW.  See: -->
<!-- <a href="http://abc.net.au/local/news/olympics/1999/07/item19990728112314_1.htm"> -->
<!-- Vic to extend daylight saving -->
<!-- </a> (1999-07-28). -->

<!-- However, South Australia rejected the DST request.  See: -->
<!-- <a href="http://abc.net.au/news/olympics/1999/07/item19990719151754_1.htm"> -->
<!-- South Australia rejects Olympics daylight savings request -->
<!-- </a> (1999-07-19). -->

<!-- Queensland also will not observe DST for the Olympics.  See: -->
<!-- <a href="http://abc.net.au/news/olympics/1999/06/item19990601114608_1.htm"> -->
<!-- Qld says no to daylight savings for Olympics -->
<!-- </a> (1999-06-01), which quotes Queensland Premier Peter Beattie as saying -->
<!-- ``Look you've got to remember in my family when this came up last time -->
<!-- I voted for it, my wife voted against it and she said to me it's all very -->
<!-- well for you, you don't have to worry about getting the children out of -->
<!-- bed, getting them to school, getting them to sleep at night.  -->
<!-- I've been through all this argument domestically...my wife rules.'' -->

<!-- Broken Hill will stick with South Australian time in 2000.  See: -->
<!-- <a href="http://abc.net.au/news/regionals/brokenh/monthly/regbrok-21jul1999-6.htm"> -->
<!-- Broken Hill to be behind the times -->
<!-- </a> (1999-07-21). -->

<!-- IATA SSIM (1998-09) says that the spring 2000 change for Australian -->
<!-- Capital Territory, New South Wales except Lord Howe Island and Broken -->
<!-- Hill, and Victoria will be August 27, presumably due to the Sydney Olympics. -->

<!-- From Eric Ulevik, referring to Sydney's Sun Herald (2000-08-13), page 29: -->
<!-- The Queensland Premier Peter Beattie is encouraging northern NSW -->
<!-- towns to use Queensland time. -->

<!-- Yancowinna -->

<!-- From John Mackin (1989-01-04): -->
<!-- `Broken Hill' means the County of Yancowinna. -->

<!-- From George Shepherd via Simon Woodhead via Robert Elz (1991-03-06): -->
<!-- YANCOWINNA..  [ Confirmation courtesy of Broken Hill Postmaster ] -->
<!-- [ Dec 1990 ] -->
<!-- ... -->
<!-- Yancowinna uses Central Standard Time, despite [its] location on the -->
<!-- New South Wales side of the S.A. border. Most business and social dealings -->
<!-- are with CST zones, therefore CST is legislated by local government -->
<!-- although the switch to Summer Time occurs in line with N.S.W. There have -->
<!-- been years when this did not apply, but the historical data is not -->
<!-- presently available. -->
<!-- Zone	Australia/Yancowinna	9:30	 AY	%sST -->
<!-- ... -->
<!-- Rule	 AY	1971	1985	-	Oct	lastSun	2:00	1:00	D -->
<!-- Rule	 AY	1972	only	-	Feb	lastSun	3:00	0	C -->
<!-- [followed by other Rules] -->

<!-- Lord Howe Island -->

<!-- From George Shepherd via Simon Woodhead via Robert Elz (1991-03-06): -->
<!-- LHI...		[ Courtesy of Pauline Van Winsen.. pauline@Aus ] -->
<!-- [ Dec 1990 ] -->
<!-- Lord Howe Island is located off the New South Wales coast, and is half an -->
<!-- hour ahead of NSW time. -->

<!-- From James Lonergan, Secretary, Lord Howe Island Board (2000-01-27): -->
<!-- Lord Howe Island summer time in 2000/2001 will commence on the same -->
<!-- date as the rest of NSW (i.e. 2000-08-27).  For your information the -->
<!-- Lord Howe Island Board (controlling authority for the Island) is -->
<!-- seeking the community's views on various options for summer time -->
<!-- arrangements on the Island, e.g. advance clocks by 1 full hour -->
<!-- instead of only 30 minutes.  Dependant on the wishes of residents -->
<!-- the Board may approach the NSW government to change the existing -->
<!-- arrangements.  The starting date for summer time on the Island will -->
<!-- however always coincide with the rest of NSW. -->

<!-- From James Lonergan, Secretary, Lord Howe Island Board (2000-10-25): -->
<!-- Lord Howe Island advances clocks by 30 minutes during DST in NSW and retards -->
<!-- clocks by 30 minutes when DST finishes. Since DST was most recently -->
<!-- introduced in NSW, the "changeover" time on the Island has been 02:00 as -->
<!-- shown on clocks on LHI. I guess this means that for 30 minutes at the start -->
<!-- of DST, LHI is actually 1 hour ahead of the rest of NSW. -->

<!-- From Paul Eggert (2000-10-25): -->
<!-- For Lord Howe we use Shanks through 1989, and Lonergan thereafter, -->



<!-- New Zealand -->

<!-- From Mark Davies (1990-10-03): -->
<!-- the 1989/90 year was a trial of an extended "daylight saving" period. -->
<!-- This trial was deemed successful and the extended period adopted for -->
<!-- subsequent years (with the addition of a further week at the start). -->
<!-- source -= phone call to Ministry of Internal Affairs Head Office. -->

<!-- From George Shepherd via Simon Woodhead via Robert Elz (1991-03-06): -->
<!-- The Country of New Zealand   (Australia's east island -) Gee they hate that! -->
<!-- or is Australia the west island of N.Z. -->
<!-- [ courtesy of Geoff Tribble.. Geofft@Aus.. Auckland N.Z. ] -->
<!-- [ Nov 1990 ] -->
<!-- ... -->
<!-- Rule	NZ      1974    1988	-	Oct	lastSun	2:00	1:00	D -->
<!-- Rule	NZ	1989	max	-	Oct	Sun>=1	2:00	1:00	D -->
<!-- Rule	NZ      1975    1989	-	Mar	Sun>=1	3:00	0	S -->
<!-- Rule	NZ	1990	max	-	Mar	lastSun	3:00	0	S -->
<!-- ... -->
<!-- Zone	NZ			12:00	NZ		NZ%sT	# New Zealand -->
<!-- Zone	NZ-CHAT			12:45	-		NZ-CHAT # Chatham Island -->

<!-- From Arthur David Olson (1992-03-08): -->
<!-- The chosen rules use the Davies October 8 values for the start of DST in 1989 -->
<!-- rather than the October 1 value. -->

<!-- From Paul Eggert (1995-12-19); -->
<!-- Shanks reports 2:00 for all autumn changes in Australia and New Zealand. -->
<!-- Robert Uzgalis <buz@cs.aukuni.ac.nz> writes that the New Zealand Daylight -->
<!-- Savings Time Order in Council dated 1990-06-18 specifies 2:00 standard -->
<!-- time on both the first Sunday in October and the third Sunday in March. -->
<!-- As with Australia, we'll assume the tradition is 2:00s, not 2:00. -->

<!-- From Paul Eggert (1999-10-29): -->
<!-- Shanks gives no time data for Chatham; usno1989 says it's +12:45, -->
<!-- usno1995 says it's +12:45/+13:45, and IATA SSIM (1991/1999) -->
<!-- gives the NZ rules but with transitions at 2:45 local standard time. -->
<!-- Guess that they have been in lock-step with NZ since 1990. -->




<!-- Fiji -->

<!-- Howse writes (p 153) that in 1879 the British governor of Fiji -->
<!-- enacted an ordinance standardizing the islands on Antipodean Time -->
<!-- instead of the American system (which was one day behind). -->

<!-- From Rives McDow (1998-10-08): -->
<!-- Fiji will introduce DST effective 0200 local time, 1998-11-01 -->
<!-- until 0300 local time 1999-02-28.  Each year the DST period will  -->
<!-- be from the first Sunday in November until the last Sunday in February. -->

<!-- From Paul Eggert (2000-01-08): -->
<!-- IATA SSIM (1999-09) says DST ends 0100 local time.  Go with McDow. -->

<!-- From the BBC World Service (1998-10-31 11:32 UTC): -->
<!-- The Fijiian government says the main reasons for the time change is to -->
<!-- improve productivity and reduce road accidents.  But correspondents say it -->
<!-- also hopes the move will boost Fiji's ability to compete with other pacific -->
<!-- islands in the effort to attract tourists to witness the dawning of the new -->
<!-- millenium. -->

<!-- http://www.fiji.gov.fj/press/2000_09/2000_09_13-05.shtml (2000-09-13) -->
<!-- reports that Fiji has discontinued DST. -->

<!-- Johnston -->

<!-- Johnston data is from usno1995. -->


<!-- Kiribati -->

<!-- From Paul Eggert (1996-01-22): -->
<!-- Today's _Wall Street Journal_ (page 1) reports that Kiribati -->
<!-- ``declared it the same day throught the country as of Jan. 1, 1995'' -->
<!-- as part of the competition to be first into the 21st century. -->


<!-- Kwajalein -->

<!-- In comp.risks 14.87 (26 August 1993), Peter Neumann writes: -->
<!-- I wonder what happened in Kwajalein, where there was NO Friday, -->
<!-- 1993-08-20.  Thursday night at midnight Kwajalein switched sides with -->
<!-- respect to the International Date Line, to rejoin its fellow islands, -->
<!-- going from 11:59 p.m. Thursday to 12:00 m. Saturday in a blink. -->


<!-- N Mariana Is, Guam -->

<!-- Howse writes (p 153) ``The Spaniards, on the other hand, reached the -->
<!-- Philippines and the Ladrones from America,'' and implies that the Ladrones -->
<!-- (now called the Marianas) kept American date for quite some time. -->
<!-- Ignore this for now, as we have no hard data.  See also Asia/Manila. -->


<!-- Micronesia -->

<!-- Alan Eugene Davis <adavis@kuentos.guam.net> writes (1996-03-16), -->
<!-- ``I am certain, having lived there for the past decade, that "Truk" -->
<!-- (now properly known as Chuuk) ... is in the time zone GMT+10.'' -->

<!-- Shanks writes that Truk switched from UTC+10 to UTC+11 on 1978-10-01; -->
<!-- ignore this for now. -->

<!-- From Paul Eggert (1999-10-29): -->
<!-- The Federated States of Micronesia Visitors Board writes in -->
<!-- <a href="http://www.fsmgov.org/info/clocks.html"> -->
<!-- The Federated States of Micronesia - Visitor Information -->
<!-- </a> (1999-01-26) -->
<!-- that Truk and Yap are UTC+10, and Ponape and Kosrae are UTC+11. -->
<!-- We don't know when Kosrae switched from UTC+12; assume January 1 for now. -->


<!-- Pitcairn -->

<!-- From Rives McDow (1999-11-08): -->
<!-- A Proclamation was signed by the Governor of Pitcairn on the 27th March 1998 -->
<!-- with regard to Pitcairn Standard Time.  The Proclamation is as follows. -->

<!-- The local time for general purposes in the Islands shall be -->
<!-- Co-ordinated Universal time minus 8 hours and shall be known -->
<!-- as Pitcairn Standard Time. -->

<!-- ... I have also seen Pitcairn listed as UTC minus 9 hours in several -->
<!-- references, and can only assume that this was an error in interpretation -->
<!-- somehow in light of this proclamation. -->

<!-- From Rives McDow (1999-11-09): -->
<!-- The Proclamation regarding Pitcairn time came into effect on 27 April 1998 -->
<!-- ... at midnight. -->

<!-- From Howie Phelps (1999-11-10), who talked to a Pitcairner via shortwave: -->
<!-- Betty Christian told me yesterday that their local time is the same as -->
<!-- Pacific Standard Time. They used to be 1/2 hour different from us here in -->
<!-- Sacramento but it was changed a couple of years ago. -->


<!-- Samoa -->

<!-- Howse writes (p 153, citing p 10 of the 1883-11-18 New York Herald) -->
<!-- that in 1879 the King of Samoa decided to change -->
<!-- ``the date in his kingdom from the Antipodean to the American system, -->
<!-- ordaining -= by a masterpiece of diplomatic flattery -= that -->
<!-- the Fourth of July should be celebrated twice in that year.'' -->


<!-- Tonga -->

<!-- From Paul Eggert (1996-01-22): -->
<!-- Today's _Wall Street Journal_ (p 1) reports that ``Tonga has been plotting -->
<!-- to sneak ahead of [New Zealanders] by introducing daylight-saving time.'' -->
<!-- Since Kiribati has moved the Date Line it's not clear what Tonga will do. -->

<!-- Don Mundell writes in the 1997-02-20 Tonga Chronicle -->
<!-- <a href="http://www.tongatapu.net.to/tonga/homeland/timebegins.htm"> -->
<!-- How Tonga became `The Land where Time Begins' -->
<!-- </a>: -->

<!-- Until 1941 Tonga maintained a standard time 50 minutes ahead of NZST -->
<!-- 12 hours and 20 minutes ahead of GMT.  When New Zealand adjusted its -->
<!-- standard time in 1940s, Tonga had the choice of subtracting from its -->
<!-- local time to come on the same standard time as New Zealand or of -->
<!-- advancing its time to maintain the differential of 13 degrees -->
<!-- (approximately 50 minutes ahead of New Zealand time). -->

<!-- Because His Majesty King Taufa'ahau Tupou IV, then Crown Prince -->
<!-- Tungi, preferred to ensure Tonga's title as the land where time -->
<!-- begins, the Legislative Assembly approved the latter change. -->

<!-- But some of the older, more conservative members from the outer -->
<!-- islands objected. "If at midnight on Dec. 31, we move ahead 40 -->
<!-- minutes, as your Royal Highness wishes, what becomes of the 40 -->
<!-- minutes we have lost?" -->

<!-- The Crown Prince, presented an unanswerable argument: "Remember that -->
<!-- on the World Day of Prayer, you would be the first people on Earth -->
<!-- to say your prayers in the morning." -->

<!-- From Paul Eggert (1999-08-12): -->
<!-- Shanks says the transition was on 1968-10-01; go with Mundell. -->

<!-- From Eric Ulevik (1999-05-03): -->
<!-- Tonga's director of tourism, who is also secretary of the National Millenium -->
<!-- Committee, has a plan to get Tonga back in front. -->
<!-- He has proposed a one-off move to tropical daylight saving for Tonga from -->
<!-- October to March, which has won approval in principle from the Tongan -->
<!-- Government. -->

<!-- From Steffen Thorsen [straen@thorsen.priv.no] (1999-09-09): -->
<!-- * Tonga will introduce DST in November -->

<!-- I was given this link by John Letts <johnletts@earthlink.net>: -->
<!-- <a hef="http://news.bbc.co.uk/hi/english/world/asia-pacific/newsid_424000/424764.stm"> -->
<!-- http://news.bbc.co.uk/hi/english/world/asia-pacific/newsid_424000/424764.stm -->
<!-- </a> -->

<!-- I have not been able to find exact dates for the transition in November -->
<!-- yet. By reading this article it seems like Fiji will be 14 hours ahead -->
<!-- of UTC as well, but as far as I know Fiji will only be 13 hours ahead -->
<!-- (12 + 1 hour DST). -->

<!-- From Arthur David Olson [arthur_david_olson@nih.gov] (1999-09-20): -->
<!-- According to <a href="http://www.tongaonline.com/news/sept1799.html> -->
<!-- http://www.tongaonline.com/news/sept1799.html -->
<!-- </a>: -->
<!-- "Daylight Savings Time will take effect on Oct. 2 through April 15, 2000  -->
<!-- and annually thereafter from the first Saturday in October through the  -->
<!-- third Saturday of April.  Under the system approved by Privy Council on  -->
<!-- Sept. 10, clocks must be turned ahead one hour on the opening day and  -->
<!-- set back an hour on the closing date." -->
<!-- Alas, no indication of the time of day. -->

<!-- From Rives McDow (1999-10-06): -->
<!-- Tonga started its Daylight Saving on Saturday morning October 2nd at 0200am. -->
<!-- Daylight Saving ends on April 16 at 0300am which is Sunday morning. -->

<!-- From Steffen Thorsen (2000-10-31): -->
<!-- Back in March I found a notice on the website http://www.tongaonline.com -->
<!-- that Tonga changed back to standard time one month early, on March 19 -->
<!-- instead of the original reported date April 16. Unfortunately, the article -->
<!-- is no longer available on the site, and I did not make a copy of the -->
<!-- text, and I have forgotten to report it here. -->
<!-- (Original URL was: http://www.tongaonline.com/news/march162000.htm ) -->

<!-- From Rives McDow (2000-12-01): -->
<!-- Tonga is observing DST as of 2000-11-04 and will stop on 2001-01-27. -->



<!-- The International Date Line -->

<!-- From Gwillim Law (2000-01-03): -->

<!-- The International Date Line is not defined by any international standard, -->
<!-- convention, or treaty.  Mapmakers are free to draw it as they please. -->
<!-- Reputable mapmakers will simply ensure that every point of land appears on -->
<!-- the correct side of the IDL, according to the date legally observed there. -->

<!-- When Kiribati adopted a uniform date in 1995, thereby moving the Phoenix and -->
<!-- Line Islands to the west side of the IDL (or, if you prefer, moving the IDL -->
<!-- to the east side of the Phoenix and Line Islands), I suppose that most -->
<!-- mapmakers redrew the IDL following the boundary of Kiribati.  Even that line -->
<!-- has a rather arbitrary nature.  The straight-line boundaries between Pacific -->
<!-- island nations that are shown on many maps are based on an international -->
<!-- convention, but are not legally binding national borders. -->

<!-- An Anglo-French Conference on Time-Keeping at Sea (June, 1917) agreed that -->
<!-- legal time on the high seas would be zone time, i.e., the standard time at -->
<!-- the nearest meridian that is a multiple of fifteen degrees.  The date is -->
<!-- governed by the IDL; therefore, even on the high seas, there may be some -->
<!-- places as late as fourteen hours later than UTC.  And, since the IDL is not -->
<!-- an international standard, there are some places on the high seas where the -->
<!-- correct date is ambiguous. -->

</tz>
