<tz>

<!-- @(#)backward	7.19 -->

<!-- This file provides links between current names for time zones -->
<!-- and their old names.  Many names changed in late 1993. -->

	<link from='America/Adak' to='America/Atka'/>
	<link from='America/Tijuana' to='America/Ensenada'/>
	<link from='America/Indianapolis' to='America/Fort_Wayne'/>
	<link from='America/Indiana/Knox' to='America/Knox_IN'/>
	<link from='America/St_Thomas' to='America/Virgin'/>
	<link from='Asia/Dhaka' to='Asia/Dacca'/>
	<link from='Asia/Ashgabat' to='Asia/Ashkhabad'/>
	<link from='Asia/Jerusalem' to='Asia/Tel_Aviv'/>
	<link from='Asia/Thimphu' to='Asia/Thimbu'/>
	<link from='Asia/Ulaanbaatar' to='Asia/Ulan_Bator'/>
	<link from='Australia/Sydney' to='Australia/ACT'/>
	<link from='Australia/Sydney' to='Australia/Canberra'/>
	<link from='Australia/Lord_Howe' to='Australia/LHI'/>
	<link from='Australia/Sydney' to='Australia/NSW'/>
	<link from='Australia/Darwin' to='Australia/North'/>
	<link from='Australia/Brisbane' to='Australia/Queensland'/>
	<link from='Australia/Adelaide' to='Australia/South'/>
	<link from='Australia/Hobart' to='Australia/Tasmania'/>
	<link from='Australia/Melbourne' to='Australia/Victoria'/>
	<link from='Australia/Perth' to='Australia/West'/>
	<link from='Australia/Broken_Hill' to='Australia/Yancowinna'/>
	<link from='America/Porto_Acre' to='Brazil/Acre'/>
	<link from='America/Noronha' to='Brazil/DeNoronha'/>
	<link from='America/Sao_Paulo' to='Brazil/East'/>
	<link from='America/Manaus' to='Brazil/West'/>
	<link from='America/Halifax' to='Canada/Atlantic'/>
	<link from='America/Winnipeg' to='Canada/Central'/>
	<link from='America/Regina' to='Canada/East-Saskatchewan'/>
	<link from='America/Montreal' to='Canada/Eastern'/>
	<link from='America/Edmonton' to='Canada/Mountain'/>
	<link from='America/St_Johns' to='Canada/Newfoundland'/>
	<link from='America/Vancouver' to='Canada/Pacific'/>
	<link from='America/Regina' to='Canada/Saskatchewan'/>
	<link from='America/Whitehorse' to='Canada/Yukon'/>
	<link from='America/Santiago' to='Chile/Continental'/>
	<link from='Pacific/Easter' to='Chile/EasterIsland'/>
	<link from='America/Havana' to='Cuba'/>
	<link from='Africa/Cairo' to='Egypt'/>
	<link from='Europe/Dublin' to='Eire'/>
	<link from='Europe/London' to='GB'/>
	<link from='Europe/London' to='GB-Eire'/>
	<link from='Etc/GMT+0' to='GMT+0'/>
	<link from='Etc/GMT-0' to='GMT-0'/>
	<link from='Etc/GMT0' to='GMT0'/>
	<link from='Etc/Greenwich' to='Greenwich'/>
	<link from='Asia/Hong_Kong' to='Hongkong'/>
	<link from='Atlantic/Reykjavik' to='Iceland'/>
	<link from='Asia/Tehran' to='Iran'/>
	<link from='Asia/Jerusalem' to='Israel'/>
	<link from='America/Jamaica' to='Jamaica'/>
	<link from='Asia/Tokyo' to='Japan'/>
	<link from='Pacific/Kwajalein' to='Kwajalein'/>
	<link from='Africa/Tripoli' to='Libya'/>
	<link from='America/Tijuana' to='Mexico/BajaNorte'/>
	<link from='America/Mazatlan' to='Mexico/BajaSur'/>
	<link from='America/Mexico_City' to='Mexico/General'/>
	<link from='America/Denver' to='Navajo'/>
	<link from='Pacific/Auckland' to='NZ'/>
	<link from='Pacific/Chatham' to='NZ-CHAT'/>
	<link from='Pacific/Pago_Pago' to='Pacific/Samoa'/>
	<link from='Asia/Shanghai' to='PRC'/>
	<link from='Europe/Warsaw' to='Poland'/>
	<link from='Europe/Lisbon' to='Portugal'/>
	<link from='Asia/Taipei' to='ROC'/>
	<link from='Asia/Seoul' to='ROK'/>
	<link from='Asia/Singapore' to='Singapore'/>
	<link from='Europe/Istanbul' to='Turkey'/>
	<link from='Etc/UCT' to='UCT'/>
	<link from='America/Anchorage' to='US/Alaska'/>
	<link from='America/Adak' to='US/Aleutian'/>
	<link from='America/Phoenix' to='US/Arizona'/>
	<link from='America/Chicago' to='US/Central'/>
	<link from='America/Indianapolis' to='US/East-Indiana'/>
	<link from='America/New_York' to='US/Eastern'/>
	<link from='Pacific/Honolulu' to='US/Hawaii'/>
	<link from='America/Indiana/Knox' to='US/Indiana-Starke'/>
	<link from='America/Detroit' to='US/Michigan'/>
	<link from='America/Denver' to='US/Mountain'/>
	<link from='America/Los_Angeles' to='US/Pacific'/>
	<link from='Pacific/Pago_Pago' to='US/Samoa'/>
	<link from='Etc/UTC' to='UTC'/>
	<link from='Etc/Universal' to='Universal'/>
	<link from='Europe/Moscow' to='W-SU'/>
	<link from='Etc/Zulu' to='Zulu'/>

</tz>
