<tz>

<!-- @(#)etcetera	7.10 -->

<!-- These entries are mostly present for historical reasons, so that -->
<!-- people in areas not otherwise covered by the tz files could "zic -l" -->
<!-- to a time zone that was right for their area.  These days, the -->
<!-- tz files cover almost all the inhabited world, so there's little -->
<!-- need now for the entries that are not on UTC. -->

	<zone name='Etc/GMT' gmtoff='0' format='GMT'/>
	<zone name='Etc/UTC' gmtoff='0' format='UTC'/>
	<zone name='Etc/UCT' gmtoff='0' format='UCT'/>

<!-- The following link uses older naming conventions, -->
<!-- but it belongs here, not in the file `backward', -->
<!-- as functions like gmtime load the "GMT" file to handle leap seconds properly. -->
<!-- We want this to work even on installations that omit the other older names. -->
	<link from='Etc/GMT' to='GMT'/>

	<link from='Etc/UTC' to='Etc/Universal'/>
	<link from='Etc/UTC' to='Etc/Zulu'/>

	<link from='Etc/GMT' to='Etc/Greenwich'/>
	<link from='Etc/GMT' to='Etc/GMT-0'/>
	<link from='Etc/GMT' to='Etc/GMT+0'/>
	<link from='Etc/GMT' to='Etc/GMT0'/>

<!-- We use POSIX-style signedness in the names and output, -->
<!-- internal-style signedness in the specifications. -->
<!-- For example, TZ=Etc/GMT+4 corresponds to 4 hours _behind_ UTC; -->
<!-- it is equivalent to TZ=GMT+4, which is implemented directly as per POSIX. -->

<!-- Earlier incarnations of this package were not POSIX-compliant, -->
<!-- and had lines such as -->
<!-- Zone	GMT-12		-12	-	GMT-1200 -->
<!-- We did not want things to change quietly if someone accustomed to the old -->
<!-- way does a -->
<!-- zic -l GMT-12 -->
<!-- so we moved the names into the Etc subdirectory. -->

	<!-- 14 hours ahead of GMT -->
	<zone name='Etc/GMT-14' gmtoff='14' format='GMT-14'/>
	<zone name='Etc/GMT-13' gmtoff='13' format='GMT-13'/>
	<zone name='Etc/GMT-12' gmtoff='12' format='GMT-12'/>
	<zone name='Etc/GMT-11' gmtoff='11' format='GMT-11'/>
	<zone name='Etc/GMT-10' gmtoff='10' format='GMT-10'/>
	<zone name='Etc/GMT-9' gmtoff='9' format='GMT-9'/>
	<zone name='Etc/GMT-8' gmtoff='8' format='GMT-8'/>
	<zone name='Etc/GMT-7' gmtoff='7' format='GMT-7'/>
	<zone name='Etc/GMT-6' gmtoff='6' format='GMT-6'/>
	<zone name='Etc/GMT-5' gmtoff='5' format='GMT-5'/>
	<zone name='Etc/GMT-4' gmtoff='4' format='GMT-4'/>
	<zone name='Etc/GMT-3' gmtoff='3' format='GMT-3'/>
	<zone name='Etc/GMT-2' gmtoff='2' format='GMT-2'/>
	<zone name='Etc/GMT-1' gmtoff='1' format='GMT-1'/>
	<zone name='Etc/GMT+1' gmtoff='-1' format='GMT+1'/>
	<zone name='Etc/GMT+2' gmtoff='-2' format='GMT+2'/>
	<zone name='Etc/GMT+3' gmtoff='-3' format='GMT+3'/>
	<zone name='Etc/GMT+4' gmtoff='-4' format='GMT+4'/>
	<zone name='Etc/GMT+5' gmtoff='-5' format='GMT+5'/>
	<zone name='Etc/GMT+6' gmtoff='-6' format='GMT+6'/>
	<zone name='Etc/GMT+7' gmtoff='-7' format='GMT+7'/>
	<zone name='Etc/GMT+8' gmtoff='-8' format='GMT+8'/>
	<zone name='Etc/GMT+9' gmtoff='-9' format='GMT+9'/>
	<zone name='Etc/GMT+10' gmtoff='-10' format='GMT+10'/>
	<zone name='Etc/GMT+11' gmtoff='-11' format='GMT+11'/>
	<zone name='Etc/GMT+12' gmtoff='-12' format='GMT+12'/>

</tz>
