<tz>

<!-- @(#)solar88	7.3 -->

<!-- Apparent noon times below are for Riyadh; they're a bit off for other places. -->
<!-- Times were computed using formulas in the U.S. Naval Observatory's -->
<!-- Almanac for Computers 1988; the formulas "will give EqT to an accuracy of -->
<!-- [plus or minus two] seconds during the current year." -->

<!-- Rounding to the nearest five seconds results in fewer than -->
<!-- 256 different "time types"-=a limit that's faced because time types are -->
<!-- stored on disk as unsigned chars. -->

<!-- Rule	NAME	FROM	TO	TYPE	IN	ON	AT	SAVE	LETTER/S -->
	<rule name='sol88' loyear='1988' hiyear='only' month='Jan' day='1' tod='12:03:15s' stdoff='-0:03:15'/>
	<rule name='sol88' loyear='1988' hiyear='only' month='Jan' day='2' tod='12:03:40s' stdoff='-0:03:40'/>
	<rule name='sol88' loyear='1988' hiyear='only' month='Jan' day='3' tod='12:04:10s' stdoff='-0:04:10'/>
	<rule name='sol88' loyear='1988' hiyear='only' month='Jan' day='4' tod='12:04:40s' stdoff='-0:04:40'/>
	<rule name='sol88' loyear='1988' hiyear='only' month='Jan' day='5' tod='12:05:05s' stdoff='-0:05:05'/>
	<rule name='sol88' loyear='1988' hiyear='only' month='Jan' day='6' tod='12:05:30s' stdoff='-0:05:30'/>
	<rule name='sol88' loyear='1988' hiyear='only' month='Jan' day='7' tod='12:06:00s' stdoff='-0:06:00'/>
	<rule name='sol88' loyear='1988' hiyear='only' month='Jan' day='8' tod='12:06:25s' stdoff='-0:06:25'/>
	<rule name='sol88' loyear='1988' hiyear='only' month='Jan' day='9' tod='12:06:50s' stdoff='-0:06:50'/>
	<rule name='sol88' loyear='1988' hiyear='only' month='Jan' day='10' tod='12:07:15s' stdoff='-0:07:15'/>
	<rule name='sol88' loyear='1988' hiyear='only' month='Jan' day='11' tod='12:07:40s' stdoff='-0:07:40'/>
	<rule name='sol88' loyear='1988' hiyear='only' month='Jan' day='12' tod='12:08:05s' stdoff='-0:08:05'/>
	<rule name='sol88' loyear='1988' hiyear='only' month='Jan' day='13' tod='12:08:25s' stdoff='-0:08:25'/>
	<rule name='sol88' loyear='1988' hiyear='only' month='Jan' day='14' tod='12:08:50s' stdoff='-0:08:50'/>
	<rule name='sol88' loyear='1988' hiyear='only' month='Jan' day='15' tod='12:09:10s' stdoff='-0:09:10'/>
	<rule name='sol88' loyear='1988' hiyear='only' month='Jan' day='16' tod='12:09:30s' stdoff='-0:09:30'/>
	<rule name='sol88' loyear='1988' hiyear='only' month='Jan' day='17' tod='12:09:50s' stdoff='-0:09:50'/>
	<rule name='sol88' loyear='1988' hiyear='only' month='Jan' day='18' tod='12:10:10s' stdoff='-0:10:10'/>
	<rule name='sol88' loyear='1988' hiyear='only' month='Jan' day='19' tod='12:10:30s' stdoff='-0:10:30'/>
	<rule name='sol88' loyear='1988' hiyear='only' month='Jan' day='20' tod='12:10:50s' stdoff='-0:10:50'/>
	<rule name='sol88' loyear='1988' hiyear='only' month='Jan' day='21' tod='12:11:05s' stdoff='-0:11:05'/>
	<rule name='sol88' loyear='1988' hiyear='only' month='Jan' day='22' tod='12:11:25s' stdoff='-0:11:25'/>
	<rule name='sol88' loyear='1988' hiyear='only' month='Jan' day='23' tod='12:11:40s' stdoff='-0:11:40'/>
	<rule name='sol88' loyear='1988' hiyear='only' month='Jan' day='24' tod='12:11:55s' stdoff='-0:11:55'/>
	<rule name='sol88' loyear='1988' hiyear='only' month='Jan' day='25' tod='12:12:10s' stdoff='-0:12:10'/>
	<rule name='sol88' loyear='1988' hiyear='only' month='Jan' day='26' tod='12:12:25s' stdoff='-0:12:25'/>
	<rule name='sol88' loyear='1988' hiyear='only' month='Jan' day='27' tod='12:12:40s' stdoff='-0:12:40'/>
	<rule name='sol88' loyear='1988' hiyear='only' month='Jan' day='28' tod='12:12:50s' stdoff='-0:12:50'/>
	<rule name='sol88' loyear='1988' hiyear='only' month='Jan' day='29' tod='12:13:00s' stdoff='-0:13:00'/>
	<rule name='sol88' loyear='1988' hiyear='only' month='Jan' day='30' tod='12:13:10s' stdoff='-0:13:10'/>
	<rule name='sol88' loyear='1988' hiyear='only' month='Jan' day='31' tod='12:13:20s' stdoff='-0:13:20'/>
	<rule name='sol88' loyear='1988' hiyear='only' month='Feb' day='1' tod='12:13:30s' stdoff='-0:13:30'/>
	<rule name='sol88' loyear='1988' hiyear='only' month='Feb' day='2' tod='12:13:40s' stdoff='-0:13:40'/>
	<rule name='sol88' loyear='1988' hiyear='only' month='Feb' day='3' tod='12:13:45s' stdoff='-0:13:45'/>
	<rule name='sol88' loyear='1988' hiyear='only' month='Feb' day='4' tod='12:13:55s' stdoff='-0:13:55'/>
	<rule name='sol88' loyear='1988' hiyear='only' month='Feb' day='5' tod='12:14:00s' stdoff='-0:14:00'/>
	<rule name='sol88' loyear='1988' hiyear='only' month='Feb' day='6' tod='12:14:05s' stdoff='-0:14:05'/>
	<rule name='sol88' loyear='1988' hiyear='only' month='Feb' day='7' tod='12:14:10s' stdoff='-0:14:10'/>
	<rule name='sol88' loyear='1988' hiyear='only' month='Feb' day='8' tod='12:14:10s' stdoff='-0:14:10'/>
	<rule name='sol88' loyear='1988' hiyear='only' month='Feb' day='9' tod='12:14:15s' stdoff='-0:14:15'/>
	<rule name='sol88' loyear='1988' hiyear='only' month='Feb' day='10' tod='12:14:15s' stdoff='-0:14:15'/>
	<rule name='sol88' loyear='1988' hiyear='only' month='Feb' day='11' tod='12:14:15s' stdoff='-0:14:15'/>
	<rule name='sol88' loyear='1988' hiyear='only' month='Feb' day='12' tod='12:14:15s' stdoff='-0:14:15'/>
	<rule name='sol88' loyear='1988' hiyear='only' month='Feb' day='13' tod='12:14:15s' stdoff='-0:14:15'/>
	<rule name='sol88' loyear='1988' hiyear='only' month='Feb' day='14' tod='12:14:15s' stdoff='-0:14:15'/>
	<rule name='sol88' loyear='1988' hiyear='only' month='Feb' day='15' tod='12:14:10s' stdoff='-0:14:10'/>
	<rule name='sol88' loyear='1988' hiyear='only' month='Feb' day='16' tod='12:14:10s' stdoff='-0:14:10'/>
	<rule name='sol88' loyear='1988' hiyear='only' month='Feb' day='17' tod='12:14:05s' stdoff='-0:14:05'/>
	<rule name='sol88' loyear='1988' hiyear='only' month='Feb' day='18' tod='12:14:00s' stdoff='-0:14:00'/>
	<rule name='sol88' loyear='1988' hiyear='only' month='Feb' day='19' tod='12:13:55s' stdoff='-0:13:55'/>
	<rule name='sol88' loyear='1988' hiyear='only' month='Feb' day='20' tod='12:13:50s' stdoff='-0:13:50'/>
	<rule name='sol88' loyear='1988' hiyear='only' month='Feb' day='21' tod='12:13:45s' stdoff='-0:13:45'/>
	<rule name='sol88' loyear='1988' hiyear='only' month='Feb' day='22' tod='12:13:40s' stdoff='-0:13:40'/>
	<rule name='sol88' loyear='1988' hiyear='only' month='Feb' day='23' tod='12:13:30s' stdoff='-0:13:30'/>
	<rule name='sol88' loyear='1988' hiyear='only' month='Feb' day='24' tod='12:13:20s' stdoff='-0:13:20'/>
	<rule name='sol88' loyear='1988' hiyear='only' month='Feb' day='25' tod='12:13:15s' stdoff='-0:13:15'/>
	<rule name='sol88' loyear='1988' hiyear='only' month='Feb' day='26' tod='12:13:05s' stdoff='-0:13:05'/>
	<rule name='sol88' loyear='1988' hiyear='only' month='Feb' day='27' tod='12:12:55s' stdoff='-0:12:55'/>
	<rule name='sol88' loyear='1988' hiyear='only' month='Feb' day='28' tod='12:12:45s' stdoff='-0:12:45'/>
	<rule name='sol88' loyear='1988' hiyear='only' month='Feb' day='29' tod='12:12:30s' stdoff='-0:12:30'/>
	<rule name='sol88' loyear='1988' hiyear='only' month='Mar' day='1' tod='12:12:20s' stdoff='-0:12:20'/>
	<rule name='sol88' loyear='1988' hiyear='only' month='Mar' day='2' tod='12:12:10s' stdoff='-0:12:10'/>
	<rule name='sol88' loyear='1988' hiyear='only' month='Mar' day='3' tod='12:11:55s' stdoff='-0:11:55'/>
	<rule name='sol88' loyear='1988' hiyear='only' month='Mar' day='4' tod='12:11:45s' stdoff='-0:11:45'/>
	<rule name='sol88' loyear='1988' hiyear='only' month='Mar' day='5' tod='12:11:30s' stdoff='-0:11:30'/>
	<rule name='sol88' loyear='1988' hiyear='only' month='Mar' day='6' tod='12:11:15s' stdoff='-0:11:15'/>
	<rule name='sol88' loyear='1988' hiyear='only' month='Mar' day='7' tod='12:11:00s' stdoff='-0:11:00'/>
	<rule name='sol88' loyear='1988' hiyear='only' month='Mar' day='8' tod='12:10:45s' stdoff='-0:10:45'/>
	<rule name='sol88' loyear='1988' hiyear='only' month='Mar' day='9' tod='12:10:30s' stdoff='-0:10:30'/>
	<rule name='sol88' loyear='1988' hiyear='only' month='Mar' day='10' tod='12:10:15s' stdoff='-0:10:15'/>
	<rule name='sol88' loyear='1988' hiyear='only' month='Mar' day='11' tod='12:10:00s' stdoff='-0:10:00'/>
	<rule name='sol88' loyear='1988' hiyear='only' month='Mar' day='12' tod='12:09:45s' stdoff='-0:09:45'/>
	<rule name='sol88' loyear='1988' hiyear='only' month='Mar' day='13' tod='12:09:30s' stdoff='-0:09:30'/>
	<rule name='sol88' loyear='1988' hiyear='only' month='Mar' day='14' tod='12:09:10s' stdoff='-0:09:10'/>
	<rule name='sol88' loyear='1988' hiyear='only' month='Mar' day='15' tod='12:08:55s' stdoff='-0:08:55'/>
	<rule name='sol88' loyear='1988' hiyear='only' month='Mar' day='16' tod='12:08:40s' stdoff='-0:08:40'/>
	<rule name='sol88' loyear='1988' hiyear='only' month='Mar' day='17' tod='12:08:20s' stdoff='-0:08:20'/>
	<rule name='sol88' loyear='1988' hiyear='only' month='Mar' day='18' tod='12:08:05s' stdoff='-0:08:05'/>
	<rule name='sol88' loyear='1988' hiyear='only' month='Mar' day='19' tod='12:07:45s' stdoff='-0:07:45'/>
	<rule name='sol88' loyear='1988' hiyear='only' month='Mar' day='20' tod='12:07:30s' stdoff='-0:07:30'/>
	<rule name='sol88' loyear='1988' hiyear='only' month='Mar' day='21' tod='12:07:10s' stdoff='-0:07:10'/>
	<rule name='sol88' loyear='1988' hiyear='only' month='Mar' day='22' tod='12:06:50s' stdoff='-0:06:50'/>
	<rule name='sol88' loyear='1988' hiyear='only' month='Mar' day='23' tod='12:06:35s' stdoff='-0:06:35'/>
	<rule name='sol88' loyear='1988' hiyear='only' month='Mar' day='24' tod='12:06:15s' stdoff='-0:06:15'/>
	<rule name='sol88' loyear='1988' hiyear='only' month='Mar' day='25' tod='12:06:00s' stdoff='-0:06:00'/>
	<rule name='sol88' loyear='1988' hiyear='only' month='Mar' day='26' tod='12:05:40s' stdoff='-0:05:40'/>
	<rule name='sol88' loyear='1988' hiyear='only' month='Mar' day='27' tod='12:05:20s' stdoff='-0:05:20'/>
	<rule name='sol88' loyear='1988' hiyear='only' month='Mar' day='28' tod='12:05:05s' stdoff='-0:05:05'/>
	<rule name='sol88' loyear='1988' hiyear='only' month='Mar' day='29' tod='12:04:45s' stdoff='-0:04:45'/>
	<rule name='sol88' loyear='1988' hiyear='only' month='Mar' day='30' tod='12:04:25s' stdoff='-0:04:25'/>
	<rule name='sol88' loyear='1988' hiyear='only' month='Mar' day='31' tod='12:04:10s' stdoff='-0:04:10'/>
	<rule name='sol88' loyear='1988' hiyear='only' month='Apr' day='1' tod='12:03:50s' stdoff='-0:03:50'/>
	<rule name='sol88' loyear='1988' hiyear='only' month='Apr' day='2' tod='12:03:35s' stdoff='-0:03:35'/>
	<rule name='sol88' loyear='1988' hiyear='only' month='Apr' day='3' tod='12:03:15s' stdoff='-0:03:15'/>
	<rule name='sol88' loyear='1988' hiyear='only' month='Apr' day='4' tod='12:03:00s' stdoff='-0:03:00'/>
	<rule name='sol88' loyear='1988' hiyear='only' month='Apr' day='5' tod='12:02:40s' stdoff='-0:02:40'/>
	<rule name='sol88' loyear='1988' hiyear='only' month='Apr' day='6' tod='12:02:25s' stdoff='-0:02:25'/>
	<rule name='sol88' loyear='1988' hiyear='only' month='Apr' day='7' tod='12:02:05s' stdoff='-0:02:05'/>
	<rule name='sol88' loyear='1988' hiyear='only' month='Apr' day='8' tod='12:01:50s' stdoff='-0:01:50'/>
	<rule name='sol88' loyear='1988' hiyear='only' month='Apr' day='9' tod='12:01:35s' stdoff='-0:01:35'/>
	<rule name='sol88' loyear='1988' hiyear='only' month='Apr' day='10' tod='12:01:15s' stdoff='-0:01:15'/>
	<rule name='sol88' loyear='1988' hiyear='only' month='Apr' day='11' tod='12:01:00s' stdoff='-0:01:00'/>
	<rule name='sol88' loyear='1988' hiyear='only' month='Apr' day='12' tod='12:00:45s' stdoff='-0:00:45'/>
	<rule name='sol88' loyear='1988' hiyear='only' month='Apr' day='13' tod='12:00:30s' stdoff='-0:00:30'/>
	<rule name='sol88' loyear='1988' hiyear='only' month='Apr' day='14' tod='12:00:15s' stdoff='-0:00:15'/>
	<rule name='sol88' loyear='1988' hiyear='only' month='Apr' day='15' tod='12:00:00s' stdoff='0:00:00'/>
	<rule name='sol88' loyear='1988' hiyear='only' month='Apr' day='16' tod='11:59:45s' stdoff='0:00:15'/>
	<rule name='sol88' loyear='1988' hiyear='only' month='Apr' day='17' tod='11:59:30s' stdoff='0:00:30'/>
	<rule name='sol88' loyear='1988' hiyear='only' month='Apr' day='18' tod='11:59:20s' stdoff='0:00:40'/>
	<rule name='sol88' loyear='1988' hiyear='only' month='Apr' day='19' tod='11:59:05s' stdoff='0:00:55'/>
	<rule name='sol88' loyear='1988' hiyear='only' month='Apr' day='20' tod='11:58:55s' stdoff='0:01:05'/>
	<rule name='sol88' loyear='1988' hiyear='only' month='Apr' day='21' tod='11:58:40s' stdoff='0:01:20'/>
	<rule name='sol88' loyear='1988' hiyear='only' month='Apr' day='22' tod='11:58:30s' stdoff='0:01:30'/>
	<rule name='sol88' loyear='1988' hiyear='only' month='Apr' day='23' tod='11:58:15s' stdoff='0:01:45'/>
	<rule name='sol88' loyear='1988' hiyear='only' month='Apr' day='24' tod='11:58:05s' stdoff='0:01:55'/>
	<rule name='sol88' loyear='1988' hiyear='only' month='Apr' day='25' tod='11:57:55s' stdoff='0:02:05'/>
	<rule name='sol88' loyear='1988' hiyear='only' month='Apr' day='26' tod='11:57:45s' stdoff='0:02:15'/>
	<rule name='sol88' loyear='1988' hiyear='only' month='Apr' day='27' tod='11:57:35s' stdoff='0:02:25'/>
	<rule name='sol88' loyear='1988' hiyear='only' month='Apr' day='28' tod='11:57:30s' stdoff='0:02:30'/>
	<rule name='sol88' loyear='1988' hiyear='only' month='Apr' day='29' tod='11:57:20s' stdoff='0:02:40'/>
	<rule name='sol88' loyear='1988' hiyear='only' month='Apr' day='30' tod='11:57:10s' stdoff='0:02:50'/>
	<rule name='sol88' loyear='1988' hiyear='only' month='May' day='1' tod='11:57:05s' stdoff='0:02:55'/>
	<rule name='sol88' loyear='1988' hiyear='only' month='May' day='2' tod='11:56:55s' stdoff='0:03:05'/>
	<rule name='sol88' loyear='1988' hiyear='only' month='May' day='3' tod='11:56:50s' stdoff='0:03:10'/>
	<rule name='sol88' loyear='1988' hiyear='only' month='May' day='4' tod='11:56:45s' stdoff='0:03:15'/>
	<rule name='sol88' loyear='1988' hiyear='only' month='May' day='5' tod='11:56:40s' stdoff='0:03:20'/>
	<rule name='sol88' loyear='1988' hiyear='only' month='May' day='6' tod='11:56:35s' stdoff='0:03:25'/>
	<rule name='sol88' loyear='1988' hiyear='only' month='May' day='7' tod='11:56:30s' stdoff='0:03:30'/>
	<rule name='sol88' loyear='1988' hiyear='only' month='May' day='8' tod='11:56:25s' stdoff='0:03:35'/>
	<rule name='sol88' loyear='1988' hiyear='only' month='May' day='9' tod='11:56:25s' stdoff='0:03:35'/>
	<rule name='sol88' loyear='1988' hiyear='only' month='May' day='10' tod='11:56:20s' stdoff='0:03:40'/>
	<rule name='sol88' loyear='1988' hiyear='only' month='May' day='11' tod='11:56:20s' stdoff='0:03:40'/>
	<rule name='sol88' loyear='1988' hiyear='only' month='May' day='12' tod='11:56:20s' stdoff='0:03:40'/>
	<rule name='sol88' loyear='1988' hiyear='only' month='May' day='13' tod='11:56:20s' stdoff='0:03:40'/>
	<rule name='sol88' loyear='1988' hiyear='only' month='May' day='14' tod='11:56:20s' stdoff='0:03:40'/>
	<rule name='sol88' loyear='1988' hiyear='only' month='May' day='15' tod='11:56:20s' stdoff='0:03:40'/>
	<rule name='sol88' loyear='1988' hiyear='only' month='May' day='16' tod='11:56:20s' stdoff='0:03:40'/>
	<rule name='sol88' loyear='1988' hiyear='only' month='May' day='17' tod='11:56:20s' stdoff='0:03:40'/>
	<rule name='sol88' loyear='1988' hiyear='only' month='May' day='18' tod='11:56:25s' stdoff='0:03:35'/>
	<rule name='sol88' loyear='1988' hiyear='only' month='May' day='19' tod='11:56:25s' stdoff='0:03:35'/>
	<rule name='sol88' loyear='1988' hiyear='only' month='May' day='20' tod='11:56:30s' stdoff='0:03:30'/>
	<rule name='sol88' loyear='1988' hiyear='only' month='May' day='21' tod='11:56:35s' stdoff='0:03:25'/>
	<rule name='sol88' loyear='1988' hiyear='only' month='May' day='22' tod='11:56:40s' stdoff='0:03:20'/>
	<rule name='sol88' loyear='1988' hiyear='only' month='May' day='23' tod='11:56:45s' stdoff='0:03:15'/>
	<rule name='sol88' loyear='1988' hiyear='only' month='May' day='24' tod='11:56:50s' stdoff='0:03:10'/>
	<rule name='sol88' loyear='1988' hiyear='only' month='May' day='25' tod='11:56:55s' stdoff='0:03:05'/>
	<rule name='sol88' loyear='1988' hiyear='only' month='May' day='26' tod='11:57:00s' stdoff='0:03:00'/>
	<rule name='sol88' loyear='1988' hiyear='only' month='May' day='27' tod='11:57:05s' stdoff='0:02:55'/>
	<rule name='sol88' loyear='1988' hiyear='only' month='May' day='28' tod='11:57:15s' stdoff='0:02:45'/>
	<rule name='sol88' loyear='1988' hiyear='only' month='May' day='29' tod='11:57:20s' stdoff='0:02:40'/>
	<rule name='sol88' loyear='1988' hiyear='only' month='May' day='30' tod='11:57:30s' stdoff='0:02:30'/>
	<rule name='sol88' loyear='1988' hiyear='only' month='May' day='31' tod='11:57:40s' stdoff='0:02:20'/>
	<rule name='sol88' loyear='1988' hiyear='only' month='Jun' day='1' tod='11:57:50s' stdoff='0:02:10'/>
	<rule name='sol88' loyear='1988' hiyear='only' month='Jun' day='2' tod='11:57:55s' stdoff='0:02:05'/>
	<rule name='sol88' loyear='1988' hiyear='only' month='Jun' day='3' tod='11:58:05s' stdoff='0:01:55'/>
	<rule name='sol88' loyear='1988' hiyear='only' month='Jun' day='4' tod='11:58:15s' stdoff='0:01:45'/>
	<rule name='sol88' loyear='1988' hiyear='only' month='Jun' day='5' tod='11:58:30s' stdoff='0:01:30'/>
	<rule name='sol88' loyear='1988' hiyear='only' month='Jun' day='6' tod='11:58:40s' stdoff='0:01:20'/>
	<rule name='sol88' loyear='1988' hiyear='only' month='Jun' day='7' tod='11:58:50s' stdoff='0:01:10'/>
	<rule name='sol88' loyear='1988' hiyear='only' month='Jun' day='8' tod='11:59:00s' stdoff='0:01:00'/>
	<rule name='sol88' loyear='1988' hiyear='only' month='Jun' day='9' tod='11:59:15s' stdoff='0:00:45'/>
	<rule name='sol88' loyear='1988' hiyear='only' month='Jun' day='10' tod='11:59:25s' stdoff='0:00:35'/>
	<rule name='sol88' loyear='1988' hiyear='only' month='Jun' day='11' tod='11:59:35s' stdoff='0:00:25'/>
	<rule name='sol88' loyear='1988' hiyear='only' month='Jun' day='12' tod='11:59:50s' stdoff='0:00:10'/>
	<rule name='sol88' loyear='1988' hiyear='only' month='Jun' day='13' tod='12:00:00s' stdoff='0:00:00'/>
	<rule name='sol88' loyear='1988' hiyear='only' month='Jun' day='14' tod='12:00:15s' stdoff='-0:00:15'/>
	<rule name='sol88' loyear='1988' hiyear='only' month='Jun' day='15' tod='12:00:25s' stdoff='-0:00:25'/>
	<rule name='sol88' loyear='1988' hiyear='only' month='Jun' day='16' tod='12:00:40s' stdoff='-0:00:40'/>
	<rule name='sol88' loyear='1988' hiyear='only' month='Jun' day='17' tod='12:00:55s' stdoff='-0:00:55'/>
	<rule name='sol88' loyear='1988' hiyear='only' month='Jun' day='18' tod='12:01:05s' stdoff='-0:01:05'/>
	<rule name='sol88' loyear='1988' hiyear='only' month='Jun' day='19' tod='12:01:20s' stdoff='-0:01:20'/>
	<rule name='sol88' loyear='1988' hiyear='only' month='Jun' day='20' tod='12:01:30s' stdoff='-0:01:30'/>
	<rule name='sol88' loyear='1988' hiyear='only' month='Jun' day='21' tod='12:01:45s' stdoff='-0:01:45'/>
	<rule name='sol88' loyear='1988' hiyear='only' month='Jun' day='22' tod='12:02:00s' stdoff='-0:02:00'/>
	<rule name='sol88' loyear='1988' hiyear='only' month='Jun' day='23' tod='12:02:10s' stdoff='-0:02:10'/>
	<rule name='sol88' loyear='1988' hiyear='only' month='Jun' day='24' tod='12:02:25s' stdoff='-0:02:25'/>
	<rule name='sol88' loyear='1988' hiyear='only' month='Jun' day='25' tod='12:02:35s' stdoff='-0:02:35'/>
	<rule name='sol88' loyear='1988' hiyear='only' month='Jun' day='26' tod='12:02:50s' stdoff='-0:02:50'/>
	<rule name='sol88' loyear='1988' hiyear='only' month='Jun' day='27' tod='12:03:00s' stdoff='-0:03:00'/>
	<rule name='sol88' loyear='1988' hiyear='only' month='Jun' day='28' tod='12:03:15s' stdoff='-0:03:15'/>
	<rule name='sol88' loyear='1988' hiyear='only' month='Jun' day='29' tod='12:03:25s' stdoff='-0:03:25'/>
	<rule name='sol88' loyear='1988' hiyear='only' month='Jun' day='30' tod='12:03:40s' stdoff='-0:03:40'/>
	<rule name='sol88' loyear='1988' hiyear='only' month='Jul' day='1' tod='12:03:50s' stdoff='-0:03:50'/>
	<rule name='sol88' loyear='1988' hiyear='only' month='Jul' day='2' tod='12:04:00s' stdoff='-0:04:00'/>
	<rule name='sol88' loyear='1988' hiyear='only' month='Jul' day='3' tod='12:04:10s' stdoff='-0:04:10'/>
	<rule name='sol88' loyear='1988' hiyear='only' month='Jul' day='4' tod='12:04:25s' stdoff='-0:04:25'/>
	<rule name='sol88' loyear='1988' hiyear='only' month='Jul' day='5' tod='12:04:35s' stdoff='-0:04:35'/>
	<rule name='sol88' loyear='1988' hiyear='only' month='Jul' day='6' tod='12:04:45s' stdoff='-0:04:45'/>
	<rule name='sol88' loyear='1988' hiyear='only' month='Jul' day='7' tod='12:04:55s' stdoff='-0:04:55'/>
	<rule name='sol88' loyear='1988' hiyear='only' month='Jul' day='8' tod='12:05:05s' stdoff='-0:05:05'/>
	<rule name='sol88' loyear='1988' hiyear='only' month='Jul' day='9' tod='12:05:10s' stdoff='-0:05:10'/>
	<rule name='sol88' loyear='1988' hiyear='only' month='Jul' day='10' tod='12:05:20s' stdoff='-0:05:20'/>
	<rule name='sol88' loyear='1988' hiyear='only' month='Jul' day='11' tod='12:05:30s' stdoff='-0:05:30'/>
	<rule name='sol88' loyear='1988' hiyear='only' month='Jul' day='12' tod='12:05:35s' stdoff='-0:05:35'/>
	<rule name='sol88' loyear='1988' hiyear='only' month='Jul' day='13' tod='12:05:45s' stdoff='-0:05:45'/>
	<rule name='sol88' loyear='1988' hiyear='only' month='Jul' day='14' tod='12:05:50s' stdoff='-0:05:50'/>
	<rule name='sol88' loyear='1988' hiyear='only' month='Jul' day='15' tod='12:05:55s' stdoff='-0:05:55'/>
	<rule name='sol88' loyear='1988' hiyear='only' month='Jul' day='16' tod='12:06:00s' stdoff='-0:06:00'/>
	<rule name='sol88' loyear='1988' hiyear='only' month='Jul' day='17' tod='12:06:05s' stdoff='-0:06:05'/>
	<rule name='sol88' loyear='1988' hiyear='only' month='Jul' day='18' tod='12:06:10s' stdoff='-0:06:10'/>
	<rule name='sol88' loyear='1988' hiyear='only' month='Jul' day='19' tod='12:06:15s' stdoff='-0:06:15'/>
	<rule name='sol88' loyear='1988' hiyear='only' month='Jul' day='20' tod='12:06:20s' stdoff='-0:06:20'/>
	<rule name='sol88' loyear='1988' hiyear='only' month='Jul' day='21' tod='12:06:25s' stdoff='-0:06:25'/>
	<rule name='sol88' loyear='1988' hiyear='only' month='Jul' day='22' tod='12:06:25s' stdoff='-0:06:25'/>
	<rule name='sol88' loyear='1988' hiyear='only' month='Jul' day='23' tod='12:06:25s' stdoff='-0:06:25'/>
	<rule name='sol88' loyear='1988' hiyear='only' month='Jul' day='24' tod='12:06:30s' stdoff='-0:06:30'/>
	<rule name='sol88' loyear='1988' hiyear='only' month='Jul' day='25' tod='12:06:30s' stdoff='-0:06:30'/>
	<rule name='sol88' loyear='1988' hiyear='only' month='Jul' day='26' tod='12:06:30s' stdoff='-0:06:30'/>
	<rule name='sol88' loyear='1988' hiyear='only' month='Jul' day='27' tod='12:06:30s' stdoff='-0:06:30'/>
	<rule name='sol88' loyear='1988' hiyear='only' month='Jul' day='28' tod='12:06:30s' stdoff='-0:06:30'/>
	<rule name='sol88' loyear='1988' hiyear='only' month='Jul' day='29' tod='12:06:25s' stdoff='-0:06:25'/>
	<rule name='sol88' loyear='1988' hiyear='only' month='Jul' day='30' tod='12:06:25s' stdoff='-0:06:25'/>
	<rule name='sol88' loyear='1988' hiyear='only' month='Jul' day='31' tod='12:06:20s' stdoff='-0:06:20'/>
	<rule name='sol88' loyear='1988' hiyear='only' month='Aug' day='1' tod='12:06:15s' stdoff='-0:06:15'/>
	<rule name='sol88' loyear='1988' hiyear='only' month='Aug' day='2' tod='12:06:15s' stdoff='-0:06:15'/>
	<rule name='sol88' loyear='1988' hiyear='only' month='Aug' day='3' tod='12:06:10s' stdoff='-0:06:10'/>
	<rule name='sol88' loyear='1988' hiyear='only' month='Aug' day='4' tod='12:06:05s' stdoff='-0:06:05'/>
	<rule name='sol88' loyear='1988' hiyear='only' month='Aug' day='5' tod='12:05:55s' stdoff='-0:05:55'/>
	<rule name='sol88' loyear='1988' hiyear='only' month='Aug' day='6' tod='12:05:50s' stdoff='-0:05:50'/>
	<rule name='sol88' loyear='1988' hiyear='only' month='Aug' day='7' tod='12:05:45s' stdoff='-0:05:45'/>
	<rule name='sol88' loyear='1988' hiyear='only' month='Aug' day='8' tod='12:05:35s' stdoff='-0:05:35'/>
	<rule name='sol88' loyear='1988' hiyear='only' month='Aug' day='9' tod='12:05:25s' stdoff='-0:05:25'/>
	<rule name='sol88' loyear='1988' hiyear='only' month='Aug' day='10' tod='12:05:20s' stdoff='-0:05:20'/>
	<rule name='sol88' loyear='1988' hiyear='only' month='Aug' day='11' tod='12:05:10s' stdoff='-0:05:10'/>
	<rule name='sol88' loyear='1988' hiyear='only' month='Aug' day='12' tod='12:05:00s' stdoff='-0:05:00'/>
	<rule name='sol88' loyear='1988' hiyear='only' month='Aug' day='13' tod='12:04:50s' stdoff='-0:04:50'/>
	<rule name='sol88' loyear='1988' hiyear='only' month='Aug' day='14' tod='12:04:35s' stdoff='-0:04:35'/>
	<rule name='sol88' loyear='1988' hiyear='only' month='Aug' day='15' tod='12:04:25s' stdoff='-0:04:25'/>
	<rule name='sol88' loyear='1988' hiyear='only' month='Aug' day='16' tod='12:04:15s' stdoff='-0:04:15'/>
	<rule name='sol88' loyear='1988' hiyear='only' month='Aug' day='17' tod='12:04:00s' stdoff='-0:04:00'/>
	<rule name='sol88' loyear='1988' hiyear='only' month='Aug' day='18' tod='12:03:50s' stdoff='-0:03:50'/>
	<rule name='sol88' loyear='1988' hiyear='only' month='Aug' day='19' tod='12:03:35s' stdoff='-0:03:35'/>
	<rule name='sol88' loyear='1988' hiyear='only' month='Aug' day='20' tod='12:03:20s' stdoff='-0:03:20'/>
	<rule name='sol88' loyear='1988' hiyear='only' month='Aug' day='21' tod='12:03:05s' stdoff='-0:03:05'/>
	<rule name='sol88' loyear='1988' hiyear='only' month='Aug' day='22' tod='12:02:50s' stdoff='-0:02:50'/>
	<rule name='sol88' loyear='1988' hiyear='only' month='Aug' day='23' tod='12:02:35s' stdoff='-0:02:35'/>
	<rule name='sol88' loyear='1988' hiyear='only' month='Aug' day='24' tod='12:02:20s' stdoff='-0:02:20'/>
	<rule name='sol88' loyear='1988' hiyear='only' month='Aug' day='25' tod='12:02:00s' stdoff='-0:02:00'/>
	<rule name='sol88' loyear='1988' hiyear='only' month='Aug' day='26' tod='12:01:45s' stdoff='-0:01:45'/>
	<rule name='sol88' loyear='1988' hiyear='only' month='Aug' day='27' tod='12:01:30s' stdoff='-0:01:30'/>
	<rule name='sol88' loyear='1988' hiyear='only' month='Aug' day='28' tod='12:01:10s' stdoff='-0:01:10'/>
	<rule name='sol88' loyear='1988' hiyear='only' month='Aug' day='29' tod='12:00:50s' stdoff='-0:00:50'/>
	<rule name='sol88' loyear='1988' hiyear='only' month='Aug' day='30' tod='12:00:35s' stdoff='-0:00:35'/>
	<rule name='sol88' loyear='1988' hiyear='only' month='Aug' day='31' tod='12:00:15s' stdoff='-0:00:15'/>
	<rule name='sol88' loyear='1988' hiyear='only' month='Sep' day='1' tod='11:59:55s' stdoff='0:00:05'/>
	<rule name='sol88' loyear='1988' hiyear='only' month='Sep' day='2' tod='11:59:35s' stdoff='0:00:25'/>
	<rule name='sol88' loyear='1988' hiyear='only' month='Sep' day='3' tod='11:59:20s' stdoff='0:00:40'/>
	<rule name='sol88' loyear='1988' hiyear='only' month='Sep' day='4' tod='11:59:00s' stdoff='0:01:00'/>
	<rule name='sol88' loyear='1988' hiyear='only' month='Sep' day='5' tod='11:58:40s' stdoff='0:01:20'/>
	<rule name='sol88' loyear='1988' hiyear='only' month='Sep' day='6' tod='11:58:20s' stdoff='0:01:40'/>
	<rule name='sol88' loyear='1988' hiyear='only' month='Sep' day='7' tod='11:58:00s' stdoff='0:02:00'/>
	<rule name='sol88' loyear='1988' hiyear='only' month='Sep' day='8' tod='11:57:35s' stdoff='0:02:25'/>
	<rule name='sol88' loyear='1988' hiyear='only' month='Sep' day='9' tod='11:57:15s' stdoff='0:02:45'/>
	<rule name='sol88' loyear='1988' hiyear='only' month='Sep' day='10' tod='11:56:55s' stdoff='0:03:05'/>
	<rule name='sol88' loyear='1988' hiyear='only' month='Sep' day='11' tod='11:56:35s' stdoff='0:03:25'/>
	<rule name='sol88' loyear='1988' hiyear='only' month='Sep' day='12' tod='11:56:15s' stdoff='0:03:45'/>
	<rule name='sol88' loyear='1988' hiyear='only' month='Sep' day='13' tod='11:55:50s' stdoff='0:04:10'/>
	<rule name='sol88' loyear='1988' hiyear='only' month='Sep' day='14' tod='11:55:30s' stdoff='0:04:30'/>
	<rule name='sol88' loyear='1988' hiyear='only' month='Sep' day='15' tod='11:55:10s' stdoff='0:04:50'/>
	<rule name='sol88' loyear='1988' hiyear='only' month='Sep' day='16' tod='11:54:50s' stdoff='0:05:10'/>
	<rule name='sol88' loyear='1988' hiyear='only' month='Sep' day='17' tod='11:54:25s' stdoff='0:05:35'/>
	<rule name='sol88' loyear='1988' hiyear='only' month='Sep' day='18' tod='11:54:05s' stdoff='0:05:55'/>
	<rule name='sol88' loyear='1988' hiyear='only' month='Sep' day='19' tod='11:53:45s' stdoff='0:06:15'/>
	<rule name='sol88' loyear='1988' hiyear='only' month='Sep' day='20' tod='11:53:25s' stdoff='0:06:35'/>
	<rule name='sol88' loyear='1988' hiyear='only' month='Sep' day='21' tod='11:53:00s' stdoff='0:07:00'/>
	<rule name='sol88' loyear='1988' hiyear='only' month='Sep' day='22' tod='11:52:40s' stdoff='0:07:20'/>
	<rule name='sol88' loyear='1988' hiyear='only' month='Sep' day='23' tod='11:52:20s' stdoff='0:07:40'/>
	<rule name='sol88' loyear='1988' hiyear='only' month='Sep' day='24' tod='11:52:00s' stdoff='0:08:00'/>
	<rule name='sol88' loyear='1988' hiyear='only' month='Sep' day='25' tod='11:51:40s' stdoff='0:08:20'/>
	<rule name='sol88' loyear='1988' hiyear='only' month='Sep' day='26' tod='11:51:15s' stdoff='0:08:45'/>
	<rule name='sol88' loyear='1988' hiyear='only' month='Sep' day='27' tod='11:50:55s' stdoff='0:09:05'/>
	<rule name='sol88' loyear='1988' hiyear='only' month='Sep' day='28' tod='11:50:35s' stdoff='0:09:25'/>
	<rule name='sol88' loyear='1988' hiyear='only' month='Sep' day='29' tod='11:50:15s' stdoff='0:09:45'/>
	<rule name='sol88' loyear='1988' hiyear='only' month='Sep' day='30' tod='11:49:55s' stdoff='0:10:05'/>
	<rule name='sol88' loyear='1988' hiyear='only' month='Oct' day='1' tod='11:49:35s' stdoff='0:10:25'/>
	<rule name='sol88' loyear='1988' hiyear='only' month='Oct' day='2' tod='11:49:20s' stdoff='0:10:40'/>
	<rule name='sol88' loyear='1988' hiyear='only' month='Oct' day='3' tod='11:49:00s' stdoff='0:11:00'/>
	<rule name='sol88' loyear='1988' hiyear='only' month='Oct' day='4' tod='11:48:40s' stdoff='0:11:20'/>
	<rule name='sol88' loyear='1988' hiyear='only' month='Oct' day='5' tod='11:48:25s' stdoff='0:11:35'/>
	<rule name='sol88' loyear='1988' hiyear='only' month='Oct' day='6' tod='11:48:05s' stdoff='0:11:55'/>
	<rule name='sol88' loyear='1988' hiyear='only' month='Oct' day='7' tod='11:47:50s' stdoff='0:12:10'/>
	<rule name='sol88' loyear='1988' hiyear='only' month='Oct' day='8' tod='11:47:30s' stdoff='0:12:30'/>
	<rule name='sol88' loyear='1988' hiyear='only' month='Oct' day='9' tod='11:47:15s' stdoff='0:12:45'/>
	<rule name='sol88' loyear='1988' hiyear='only' month='Oct' day='10' tod='11:47:00s' stdoff='0:13:00'/>
	<rule name='sol88' loyear='1988' hiyear='only' month='Oct' day='11' tod='11:46:45s' stdoff='0:13:15'/>
	<rule name='sol88' loyear='1988' hiyear='only' month='Oct' day='12' tod='11:46:30s' stdoff='0:13:30'/>
	<rule name='sol88' loyear='1988' hiyear='only' month='Oct' day='13' tod='11:46:15s' stdoff='0:13:45'/>
	<rule name='sol88' loyear='1988' hiyear='only' month='Oct' day='14' tod='11:46:00s' stdoff='0:14:00'/>
	<rule name='sol88' loyear='1988' hiyear='only' month='Oct' day='15' tod='11:45:45s' stdoff='0:14:15'/>
	<rule name='sol88' loyear='1988' hiyear='only' month='Oct' day='16' tod='11:45:35s' stdoff='0:14:25'/>
	<rule name='sol88' loyear='1988' hiyear='only' month='Oct' day='17' tod='11:45:20s' stdoff='0:14:40'/>
	<rule name='sol88' loyear='1988' hiyear='only' month='Oct' day='18' tod='11:45:10s' stdoff='0:14:50'/>
	<rule name='sol88' loyear='1988' hiyear='only' month='Oct' day='19' tod='11:45:00s' stdoff='0:15:00'/>
	<rule name='sol88' loyear='1988' hiyear='only' month='Oct' day='20' tod='11:44:45s' stdoff='0:15:15'/>
	<rule name='sol88' loyear='1988' hiyear='only' month='Oct' day='21' tod='11:44:40s' stdoff='0:15:20'/>
	<rule name='sol88' loyear='1988' hiyear='only' month='Oct' day='22' tod='11:44:30s' stdoff='0:15:30'/>
	<rule name='sol88' loyear='1988' hiyear='only' month='Oct' day='23' tod='11:44:20s' stdoff='0:15:40'/>
	<rule name='sol88' loyear='1988' hiyear='only' month='Oct' day='24' tod='11:44:10s' stdoff='0:15:50'/>
	<rule name='sol88' loyear='1988' hiyear='only' month='Oct' day='25' tod='11:44:05s' stdoff='0:15:55'/>
	<rule name='sol88' loyear='1988' hiyear='only' month='Oct' day='26' tod='11:44:00s' stdoff='0:16:00'/>
	<rule name='sol88' loyear='1988' hiyear='only' month='Oct' day='27' tod='11:43:55s' stdoff='0:16:05'/>
	<rule name='sol88' loyear='1988' hiyear='only' month='Oct' day='28' tod='11:43:50s' stdoff='0:16:10'/>
	<rule name='sol88' loyear='1988' hiyear='only' month='Oct' day='29' tod='11:43:45s' stdoff='0:16:15'/>
	<rule name='sol88' loyear='1988' hiyear='only' month='Oct' day='30' tod='11:43:40s' stdoff='0:16:20'/>
	<rule name='sol88' loyear='1988' hiyear='only' month='Oct' day='31' tod='11:43:40s' stdoff='0:16:20'/>
	<rule name='sol88' loyear='1988' hiyear='only' month='Nov' day='1' tod='11:43:35s' stdoff='0:16:25'/>
	<rule name='sol88' loyear='1988' hiyear='only' month='Nov' day='2' tod='11:43:35s' stdoff='0:16:25'/>
	<rule name='sol88' loyear='1988' hiyear='only' month='Nov' day='3' tod='11:43:35s' stdoff='0:16:25'/>
	<rule name='sol88' loyear='1988' hiyear='only' month='Nov' day='4' tod='11:43:35s' stdoff='0:16:25'/>
	<rule name='sol88' loyear='1988' hiyear='only' month='Nov' day='5' tod='11:43:40s' stdoff='0:16:20'/>
	<rule name='sol88' loyear='1988' hiyear='only' month='Nov' day='6' tod='11:43:40s' stdoff='0:16:20'/>
	<rule name='sol88' loyear='1988' hiyear='only' month='Nov' day='7' tod='11:43:45s' stdoff='0:16:15'/>
	<rule name='sol88' loyear='1988' hiyear='only' month='Nov' day='8' tod='11:43:45s' stdoff='0:16:15'/>
	<rule name='sol88' loyear='1988' hiyear='only' month='Nov' day='9' tod='11:43:50s' stdoff='0:16:10'/>
	<rule name='sol88' loyear='1988' hiyear='only' month='Nov' day='10' tod='11:44:00s' stdoff='0:16:00'/>
	<rule name='sol88' loyear='1988' hiyear='only' month='Nov' day='11' tod='11:44:05s' stdoff='0:15:55'/>
	<rule name='sol88' loyear='1988' hiyear='only' month='Nov' day='12' tod='11:44:10s' stdoff='0:15:50'/>
	<rule name='sol88' loyear='1988' hiyear='only' month='Nov' day='13' tod='11:44:20s' stdoff='0:15:40'/>
	<rule name='sol88' loyear='1988' hiyear='only' month='Nov' day='14' tod='11:44:30s' stdoff='0:15:30'/>
	<rule name='sol88' loyear='1988' hiyear='only' month='Nov' day='15' tod='11:44:40s' stdoff='0:15:20'/>
	<rule name='sol88' loyear='1988' hiyear='only' month='Nov' day='16' tod='11:44:50s' stdoff='0:15:10'/>
	<rule name='sol88' loyear='1988' hiyear='only' month='Nov' day='17' tod='11:45:00s' stdoff='0:15:00'/>
	<rule name='sol88' loyear='1988' hiyear='only' month='Nov' day='18' tod='11:45:15s' stdoff='0:14:45'/>
	<rule name='sol88' loyear='1988' hiyear='only' month='Nov' day='19' tod='11:45:25s' stdoff='0:14:35'/>
	<rule name='sol88' loyear='1988' hiyear='only' month='Nov' day='20' tod='11:45:40s' stdoff='0:14:20'/>
	<rule name='sol88' loyear='1988' hiyear='only' month='Nov' day='21' tod='11:45:55s' stdoff='0:14:05'/>
	<rule name='sol88' loyear='1988' hiyear='only' month='Nov' day='22' tod='11:46:10s' stdoff='0:13:50'/>
	<rule name='sol88' loyear='1988' hiyear='only' month='Nov' day='23' tod='11:46:30s' stdoff='0:13:30'/>
	<rule name='sol88' loyear='1988' hiyear='only' month='Nov' day='24' tod='11:46:45s' stdoff='0:13:15'/>
	<rule name='sol88' loyear='1988' hiyear='only' month='Nov' day='25' tod='11:47:05s' stdoff='0:12:55'/>
	<rule name='sol88' loyear='1988' hiyear='only' month='Nov' day='26' tod='11:47:20s' stdoff='0:12:40'/>
	<rule name='sol88' loyear='1988' hiyear='only' month='Nov' day='27' tod='11:47:40s' stdoff='0:12:20'/>
	<rule name='sol88' loyear='1988' hiyear='only' month='Nov' day='28' tod='11:48:00s' stdoff='0:12:00'/>
	<rule name='sol88' loyear='1988' hiyear='only' month='Nov' day='29' tod='11:48:25s' stdoff='0:11:35'/>
	<rule name='sol88' loyear='1988' hiyear='only' month='Nov' day='30' tod='11:48:45s' stdoff='0:11:15'/>
	<rule name='sol88' loyear='1988' hiyear='only' month='Dec' day='1' tod='11:49:05s' stdoff='0:10:55'/>
	<rule name='sol88' loyear='1988' hiyear='only' month='Dec' day='2' tod='11:49:30s' stdoff='0:10:30'/>
	<rule name='sol88' loyear='1988' hiyear='only' month='Dec' day='3' tod='11:49:55s' stdoff='0:10:05'/>
	<rule name='sol88' loyear='1988' hiyear='only' month='Dec' day='4' tod='11:50:15s' stdoff='0:09:45'/>
	<rule name='sol88' loyear='1988' hiyear='only' month='Dec' day='5' tod='11:50:40s' stdoff='0:09:20'/>
	<rule name='sol88' loyear='1988' hiyear='only' month='Dec' day='6' tod='11:51:05s' stdoff='0:08:55'/>
	<rule name='sol88' loyear='1988' hiyear='only' month='Dec' day='7' tod='11:51:35s' stdoff='0:08:25'/>
	<rule name='sol88' loyear='1988' hiyear='only' month='Dec' day='8' tod='11:52:00s' stdoff='0:08:00'/>
	<rule name='sol88' loyear='1988' hiyear='only' month='Dec' day='9' tod='11:52:25s' stdoff='0:07:35'/>
	<rule name='sol88' loyear='1988' hiyear='only' month='Dec' day='10' tod='11:52:55s' stdoff='0:07:05'/>
	<rule name='sol88' loyear='1988' hiyear='only' month='Dec' day='11' tod='11:53:20s' stdoff='0:06:40'/>
	<rule name='sol88' loyear='1988' hiyear='only' month='Dec' day='12' tod='11:53:50s' stdoff='0:06:10'/>
	<rule name='sol88' loyear='1988' hiyear='only' month='Dec' day='13' tod='11:54:15s' stdoff='0:05:45'/>
	<rule name='sol88' loyear='1988' hiyear='only' month='Dec' day='14' tod='11:54:45s' stdoff='0:05:15'/>
	<rule name='sol88' loyear='1988' hiyear='only' month='Dec' day='15' tod='11:55:15s' stdoff='0:04:45'/>
	<rule name='sol88' loyear='1988' hiyear='only' month='Dec' day='16' tod='11:55:45s' stdoff='0:04:15'/>
	<rule name='sol88' loyear='1988' hiyear='only' month='Dec' day='17' tod='11:56:15s' stdoff='0:03:45'/>
	<rule name='sol88' loyear='1988' hiyear='only' month='Dec' day='18' tod='11:56:40s' stdoff='0:03:20'/>
	<rule name='sol88' loyear='1988' hiyear='only' month='Dec' day='19' tod='11:57:10s' stdoff='0:02:50'/>
	<rule name='sol88' loyear='1988' hiyear='only' month='Dec' day='20' tod='11:57:40s' stdoff='0:02:20'/>
	<rule name='sol88' loyear='1988' hiyear='only' month='Dec' day='21' tod='11:58:10s' stdoff='0:01:50'/>
	<rule name='sol88' loyear='1988' hiyear='only' month='Dec' day='22' tod='11:58:40s' stdoff='0:01:20'/>
	<rule name='sol88' loyear='1988' hiyear='only' month='Dec' day='23' tod='11:59:10s' stdoff='0:00:50'/>
	<rule name='sol88' loyear='1988' hiyear='only' month='Dec' day='24' tod='11:59:40s' stdoff='0:00:20'/>
	<rule name='sol88' loyear='1988' hiyear='only' month='Dec' day='25' tod='12:00:10s' stdoff='-0:00:10'/>
	<rule name='sol88' loyear='1988' hiyear='only' month='Dec' day='26' tod='12:00:40s' stdoff='-0:00:40'/>
	<rule name='sol88' loyear='1988' hiyear='only' month='Dec' day='27' tod='12:01:10s' stdoff='-0:01:10'/>
	<rule name='sol88' loyear='1988' hiyear='only' month='Dec' day='28' tod='12:01:40s' stdoff='-0:01:40'/>
	<rule name='sol88' loyear='1988' hiyear='only' month='Dec' day='29' tod='12:02:10s' stdoff='-0:02:10'/>
	<rule name='sol88' loyear='1988' hiyear='only' month='Dec' day='30' tod='12:02:35s' stdoff='-0:02:35'/>
	<rule name='sol88' loyear='1988' hiyear='only' month='Dec' day='31' tod='12:03:05s' stdoff='-0:03:05'/>

<!-- Riyadh is at about 46 degrees 46 minutes East:  3 hrs, 7 mins, 4 secs -->
<!-- Before and after 1988, we'll operate on local mean solar time. -->

<!-- Zone	NAME		GMTOFF	RULES/SAVE	FORMAT	[UNTIL] -->
	<zone name='Asia/Riyadh88' gmtoff='3:07:04' format='??' tilyear='1988'>
		<zcont gmtoff='3:07:04' rule='sol88' format='??' tilyear='1989'/>
		<zcont gmtoff='3:07:04' format='??'/>
	</zone>
<!-- For backward compatibility... -->
	<link from='Asia/Riyadh88' to='Mideast/Riyadh88'/>

</tz>
