<tz>

<!-- @(#)southamerica	7.38 -->

<!-- This data is by no means authoritative; if you think you know better, -->
<!-- go ahead and edit the file (and please send any changes to -->
<!-- tz@elsie.nci.nih.gov for general use in the future). -->

<!-- From Paul Eggert <eggert@twinsun.com> (1999-07-07): -->
<!-- A good source for time zone historical data outside the U.S. is -->
<!-- Thomas G. Shanks, The International Atlas (5th edition), -->
<!-- San Diego: ACS Publications, Inc. (1999). -->

<!-- Gwillim Law <Gwil_Law@bridge-point.com> writes that a good source -->
<!-- for recent time zone data is the International Air Transport -->
<!-- Association's Standard Schedules Information Manual (IATA SSIM), -->
<!-- published semiannually.  Law sent in several helpful summaries -->
<!-- of the IATA's data after 1990. -->

<!-- Except where otherwise noted, Shanks is the source for entries through 1990, -->
<!-- and IATA SSIM is the source for entries after 1990. -->

<!-- Earlier editions of these tables used the North American style (e.g. ARST and -->
<!-- ARDT for Argentine Standard and Daylight Time), but the following quote -->
<!-- suggests that it's better to use European style (e.g. ART and ARST). -->
<!-- I suggest the use of _Summer time_ instead of the more cumbersome -->
<!-- _daylight-saving time_.  _Summer time_ seems to be in general use -->
<!-- in Europe and South America. -->
<!-- -= E O Cutler, _New York Times_ (1937-02-14), quoted in -->
<!-- H L Mencken, _The American Language: Supplement I_ (1960), p 466 -->

<!-- Earlier editions of these tables also used the North American style -->
<!-- for time zones in Brazil, but this was incorrect, as Brazilians say -->
<!-- "summer time".  Reinaldo Goulart, a Sao Paulo businessman active in -->
<!-- the railroad sector, writes (1999-07-06): -->
<!-- The subject of time zones is currently a matter of discussion/debate in -->
<!-- Brazil.  Let's say that "the Brasilia time" is considered the -->
<!-- "official time" because Brasilia is the capital city. -->
<!-- The other three time zones are called "Brasilia time "minus one" or -->
<!-- "plus one" or "plus two".  As far as I know there is no such -->
<!-- name/designation as "Eastern Time" or "Central Time". -->
<!-- So I invented the following (English-language) abbreviations for now. -->
<!-- Corrections are welcome! -->
<!-- std	dst -->
<!-- -2:00	FNT	FNST	Fernando de Noronha -->
<!-- -3:00	BRT	BRST	Brasilia -->
<!-- -4:00	AMT	AMST	Amazon -->
<!-- -5:00	ACT	ACST	Acre -->





<!-- Argentina -->

<!-- From Bob Devine (1988-01-28): -->
<!-- Argentina: first Sunday in October to first Sunday in April since 1976. -->
<!-- Double Summer time from 1969 to 1974.  Switches at midnight. -->

<!-- From U. S. Naval Observatory (1988-01-199): -->
<!-- ARGENTINA           3 H BEHIND   UTC -->

<!-- From Hernan G. Otero <hernan@isoft.com.ar> (1995-06-26): -->
<!-- I am sending modifications to the Argentine time zone table... -->
<!-- AR was chosen because they are the ISO letters that represent Argentina. -->

<!-- Rule	NAME	FROM	TO	TYPE	IN	ON	AT	SAVE	LETTER/S -->
	<rule name='Arg' loyear='1930' hiyear='only' month='Dec' day='1' tod='0:00' stdoff='1:00' abbrvar='S'/>
	<rule name='Arg' loyear='1931' hiyear='only' month='Apr' day='1' tod='0:00' stdoff='0'/>
	<rule name='Arg' loyear='1931' hiyear='only' month='Oct' day='15' tod='0:00' stdoff='1:00' abbrvar='S'/>
	<rule name='Arg' loyear='1932' hiyear='1940' month='Mar' day='1' tod='0:00' stdoff='0'/>
	<rule name='Arg' loyear='1932' hiyear='1939' month='Nov' day='1' tod='0:00' stdoff='1:00' abbrvar='S'/>
	<rule name='Arg' loyear='1940' hiyear='only' month='Jul' day='1' tod='0:00' stdoff='1:00' abbrvar='S'/>
	<rule name='Arg' loyear='1941' hiyear='only' month='Jun' day='15' tod='0:00' stdoff='0'/>
	<rule name='Arg' loyear='1941' hiyear='only' month='Oct' day='15' tod='0:00' stdoff='1:00' abbrvar='S'/>
	<rule name='Arg' loyear='1943' hiyear='only' month='Aug' day='1' tod='0:00' stdoff='0'/>
	<rule name='Arg' loyear='1943' hiyear='only' month='Oct' day='15' tod='0:00' stdoff='1:00' abbrvar='S'/>
	<rule name='Arg' loyear='1946' hiyear='only' month='Mar' day='1' tod='0:00' stdoff='0'/>
	<rule name='Arg' loyear='1946' hiyear='only' month='Oct' day='1' tod='0:00' stdoff='1:00' abbrvar='S'/>
	<rule name='Arg' loyear='1963' hiyear='only' month='Oct' day='1' tod='0:00' stdoff='0'/>
	<rule name='Arg' loyear='1963' hiyear='only' month='Dec' day='15' tod='0:00' stdoff='1:00' abbrvar='S'/>
	<rule name='Arg' loyear='1964' hiyear='1966' month='Mar' day='1' tod='0:00' stdoff='0'/>
	<rule name='Arg' loyear='1964' hiyear='1966' month='Oct' day='15' tod='0:00' stdoff='1:00' abbrvar='S'/>
	<rule name='Arg' loyear='1967' hiyear='only' month='Apr' day='1' tod='0:00' stdoff='0'/>
	<rule name='Arg' loyear='1967' hiyear='1968' month='Oct' day='Sun&gt;=1' tod='0:00' stdoff='1:00' abbrvar='S'/>
	<rule name='Arg' loyear='1968' hiyear='1969' month='Apr' day='Sun&gt;=1' tod='0:00' stdoff='0'/>
	<rule name='Arg' loyear='1974' hiyear='only' month='Jan' day='23' tod='0:00' stdoff='1:00' abbrvar='S'/>
	<rule name='Arg' loyear='1974' hiyear='only' month='May' day='1' tod='0:00' stdoff='0'/>
	<rule name='Arg' loyear='1974' hiyear='1976' month='Oct' day='Sun&gt;=1' tod='0:00' stdoff='1:00' abbrvar='S'/>
	<rule name='Arg' loyear='1975' hiyear='1977' month='Apr' day='Sun&gt;=1' tod='0:00' stdoff='0'/>
	<rule name='Arg' loyear='1985' hiyear='only' month='Nov' day='2' tod='0:00' stdoff='1:00' abbrvar='S'/>
	<rule name='Arg' loyear='1986' hiyear='only' month='Mar' day='14' tod='0:00' stdoff='0'/>
	<rule name='Arg' loyear='1986' hiyear='1987' month='Oct' day='25' tod='0:00' stdoff='1:00' abbrvar='S'/>
	<rule name='Arg' loyear='1987' hiyear='only' month='Feb' day='13' tod='0:00' stdoff='0'/>
	<rule name='Arg' loyear='1988' hiyear='only' month='Feb' day='7' tod='0:00' stdoff='0'/>
	<rule name='Arg' loyear='1988' hiyear='only' month='Dec' day='1' tod='0:00' stdoff='1:00' abbrvar='S'/>

<!-- From Hernan G. Otero <hernan@isoft.com.ar> (1995-06-26): -->
<!-- These corrections were contributed by InterSoft Argentina S.A., -->
<!-- obtaining the data from the: -->
<!-- Talleres de Hidrografia Naval Argentina -->
<!-- (Argentine Naval Hydrography Institute) -->

<!-- Shanks stops after 1992-03-01; go with Otero. -->
	<rule name='Arg' loyear='1989' hiyear='1993' month='Mar' day='Sun&gt;=1' tod='0:00' stdoff='0'/>
	<rule name='Arg' loyear='1989' hiyear='1992' month='Oct' day='Sun&gt;=15' tod='0:00' stdoff='1:00' abbrvar='S'/>

<!-- From Hernan G. Otero <hernan@isoft.com.ar> (1995-06-26): -->
<!-- From this moment on, the law that mandated the daylight saving -->
<!-- time corrections was derogated and no more modifications -->
<!-- to the time zones (for daylight saving) are now made. -->

<!-- From Rives McDow (2000-01-10): -->
<!-- On October 3, 1999, 0:00 local, Argentina implemented daylight savings time, -->
<!-- which did not result in the switch of a time zone, as they stayed 9 hours -->
<!-- from the International Date Line. -->
	<rule name='Arg' loyear='1999' hiyear='only' month='Oct' day='Sun&gt;=1' tod='0:00' stdoff='1:00' abbrvar='S'/>
	<rule name='Arg' loyear='2000' hiyear='only' month='Mar' day='Sun&gt;=1' tod='0:00' stdoff='0'/>

<!-- From Peter Gradelski via Steffen Thorsen (2000-03-01): -->
<!-- We just checked with our Sao Paulo office and they say the government of -->
<!-- Argentina decided not to become one of the countries that go on or off DST. -->
<!-- So Buenos Aires should be -3 hours from GMT at all times. -->

<!-- From Fabian L. Arce Jofre <farcejofre@bigfoot.com> (2000-04-04): -->
<!-- The law that claimed DST for Argentina was derogated by President Fernando -->
<!-- de la Rua on March 2, 2000, because it would make people spend more energy -->
<!-- in the winter time, rather than less.  The change took effect on March 3. -->

<!-- Zone	NAME		GMTOFF	RULES	FORMAT	[UNTIL] -->

<!-- Buenos Aires (BA), Capital Federal (CF), Santa Cruz (SC), -->
<!-- Tierra del Fuego, Antartida e Islas del Atlantico Sur (TF) -->
	<zone name='America/Buenos_Aires' gmtoff='-3:53:48' format='LMT' tilyear='1894' tilmonth='Nov'>
		<!-- Cordoba Mean Time -->
		<zcont gmtoff='-4:16:44' format='CMT' tilyear='1920' tilmonth='May'/>
		<zcont gmtoff='-4:00' format='ART' tilyear='1930' tilmonth='Dec'/>
		<zcont gmtoff='-4:00' rule='Arg' format='AR%sT' tilyear='1969' tilmonth='Oct' tilday='5'/>
		<zcont gmtoff='-3:00' rule='Arg' format='AR%sT' tilyear='1999' tilmonth='Oct' tilday='3' tiltime='0:00'/>
		<zcont gmtoff='-4:00' rule='Arg' format='AR%sT' tilyear='2000' tilmonth='Mar' tilday='3' tiltime='0:00'/>
		<zcont gmtoff='-3:00' format='ART'/>
	</zone>

<!-- Santa Fe (SF), Entre Rios (ER), Corrientes (CN), Misiones (MN), Chaco (CC), -->
<!-- Formosa (FM), La Pampa (LP), Chubut (CH) -->
	<zone name='America/Rosario' gmtoff='-4:02:40' format='LMT' tilyear='1894' tilmonth='Nov'>
		<zcont gmtoff='-4:16:44' format='CMT' tilyear='1920' tilmonth='May'/>
		<zcont gmtoff='-4:00' format='ART' tilyear='1930' tilmonth='Dec'/>
		<zcont gmtoff='-4:00' rule='Arg' format='AR%sT' tilyear='1969' tilmonth='Oct' tilday='5'/>
		<zcont gmtoff='-3:00' rule='Arg' format='AR%sT' tilyear='1991' tilmonth='Jul'/>
		<zcont gmtoff='-3:00' format='ART' tilyear='1999' tilmonth='Oct' tilday='3' tiltime='0:00'/>
		<zcont gmtoff='-4:00' rule='Arg' format='AR%sT' tilyear='2000' tilmonth='Mar' tilday='3' tiltime='0:00'/>
		<zcont gmtoff='-3:00' format='ART'/>
	</zone>

<!-- Cordoba (CB), Santiago del Estero (SE), Salta (SA), Tucuman (TM), La Rioja (LR), San Juan (SJ), San Luis (SL), -->
<!-- Neuquen (NQ), Rio Negro (RN) -->
	<zone name='America/Cordoba' gmtoff='-4:16:44' format='LMT' tilyear='1894' tilmonth='Nov'>
		<zcont gmtoff='-4:16:44' format='CMT' tilyear='1920' tilmonth='May'/>
		<zcont gmtoff='-4:00' format='ART' tilyear='1930' tilmonth='Dec'/>
		<zcont gmtoff='-4:00' rule='Arg' format='AR%sT' tilyear='1969' tilmonth='Oct' tilday='5'/>
		<zcont gmtoff='-3:00' rule='Arg' format='AR%sT' tilyear='1990' tilmonth='Jul'/>
		<zcont gmtoff='-3:00' format='ART' tilyear='1999' tilmonth='Oct' tilday='3' tiltime='0:00'/>
		<zcont gmtoff='-4:00' rule='Arg' format='AR%sT' tilyear='2000' tilmonth='Mar' tilday='3' tiltime='0:00'/>
		<zcont gmtoff='-3:00' format='ART'/>
	</zone>

<!-- Jujuy (JY) -->
	<zone name='America/Jujuy' gmtoff='-4:21:12' format='LMT' tilyear='1894' tilmonth='Nov'>
		<zcont gmtoff='-4:16:44' format='CMT' tilyear='1920' tilmonth='May'/>
		<zcont gmtoff='-4:00' format='ART' tilyear='1930' tilmonth='Dec'/>
		<zcont gmtoff='-4:00' rule='Arg' format='AR%sT' tilyear='1969' tilmonth='Oct' tilday='5'/>
		<zcont gmtoff='-3:00' rule='Arg' format='AR%sT' tilyear='1991' tilmonth='Mar' tilday='3'/>
		<zcont gmtoff='-4:00' format='WART' tilyear='1991' tilmonth='Oct' tilday='6'/>
		<zcont gmtoff='-4:00' rule='1:00' format='WARST' tilyear='1992' tilmonth='Mar' tilday='15'/>
		<zcont gmtoff='-4:00' format='WART' tilyear='1992' tilmonth='Oct' tilday='18'/>
		<zcont gmtoff='-3:00' format='ART' tilyear='1999' tilmonth='Oct' tilday='3' tiltime='0:00'/>
		<zcont gmtoff='-4:00' rule='Arg' format='AR%sT' tilyear='2000' tilmonth='Mar' tilday='3' tiltime='0:00'/>
		<zcont gmtoff='-3:00' format='ART'/>
	</zone>

<!-- Catamarca (CT) -->
	<zone name='America/Catamarca' gmtoff='-4:23:08' format='LMT' tilyear='1894' tilmonth='Nov'>
		<zcont gmtoff='-4:16:44' format='CMT' tilyear='1920' tilmonth='May'/>
		<zcont gmtoff='-4:00' format='ART' tilyear='1930' tilmonth='Dec'/>
		<zcont gmtoff='-4:00' rule='Arg' format='AR%sT' tilyear='1969' tilmonth='Oct' tilday='5'/>
		<zcont gmtoff='-3:00' rule='Arg' format='AR%sT' tilyear='1990' tilmonth='Jul'/>
		<zcont gmtoff='-3:00' format='ART' tilyear='1991' tilmonth='Jul'/>
		<zcont gmtoff='-3:00' rule='Arg' format='AR%sT' tilyear='1992' tilmonth='Jul'/>
		<zcont gmtoff='-3:00' format='ART' tilyear='1999' tilmonth='Oct' tilday='3' tiltime='0:00'/>
		<zcont gmtoff='-4:00' rule='Arg' format='AR%sT' tilyear='2000' tilmonth='Mar' tilday='3' tiltime='0:00'/>
		<zcont gmtoff='-3:00' format='ART'/>
	</zone>

<!-- Mendoza (MZ) -->
	<zone name='America/Mendoza' gmtoff='-4:35:16' format='LMT' tilyear='1894' tilmonth='Nov'>
		<zcont gmtoff='-4:16:44' format='CMT' tilyear='1920' tilmonth='May'/>
		<zcont gmtoff='-4:00' format='ART' tilyear='1930' tilmonth='Dec'/>
		<zcont gmtoff='-4:00' rule='Arg' format='AR%sT' tilyear='1969' tilmonth='Oct' tilday='5'/>
		<zcont gmtoff='-3:00' rule='Arg' format='AR%sT' tilyear='1991' tilmonth='Mar' tilday='3'/>
		<zcont gmtoff='-4:00' format='WART' tilyear='1991' tilmonth='Oct' tilday='15'/>
		<zcont gmtoff='-4:00' rule='1:00' format='WARST' tilyear='1992' tilmonth='Mar' tilday='1'/>
		<zcont gmtoff='-4:00' format='WART' tilyear='1992' tilmonth='Oct' tilday='18'/>
		<zcont gmtoff='-3:00' format='ART' tilyear='1999' tilmonth='Oct' tilday='3' tiltime='0:00'/>
		<zcont gmtoff='-4:00' rule='Arg' format='AR%sT' tilyear='2000' tilmonth='Mar' tilday='3' tiltime='0:00'/>
		<zcont gmtoff='-3:00' format='ART'/>
	</zone>

<!-- Aruba -->
<!-- Zone	NAME		GMTOFF	RULES	FORMAT	[UNTIL] -->
	<!-- Oranjestad -->
	<zone name='America/Aruba' gmtoff='-4:40:24' format='LMT' tilyear='1912' tilmonth='Feb' tilday='12'>
		<!-- Netherlands Antilles Time -->
		<zcont gmtoff='-4:30' format='ANT' tilyear='1965'/>
		<zcont gmtoff='-4:00' format='AST'/>
	</zone>

<!-- Bolivia -->
<!-- Zone	NAME		GMTOFF	RULES	FORMAT	[UNTIL] -->
	<zone name='America/La_Paz' gmtoff='-4:32:36' format='LMT' tilyear='1890'>
		<!-- La Paz Mean Time -->
		<zcont gmtoff='-4:32:36' format='LPMT' tilyear='1931' tilmonth='Oct' tilday='15'/>
		<!-- Bolivia ST -->
		<zcont gmtoff='-4:32:36' rule='1:00' format='BOST' tilyear='1932' tilmonth='Mar' tilday='21'/>
		<!-- Bolivia Time -->
		<zcont gmtoff='-4:00' format='BOT'/>
	</zone>

<!-- Brazil -->

<!-- From Paul Eggert <eggert@twinsun.com> (1993-11-18): -->
<!-- The mayor of Rio recently attempted to change the time zone rules -->
<!-- just in his city, in order to leave more summer time for the tourist trade. -->
<!-- The rule change lasted only part of the day; -->
<!-- the federal government refused to follow the city's rules, and business -->
<!-- was in a chaos, so the mayor backed down that afternoon. -->

<!-- From IATA SSIM (1996-02): -->
<!-- _Only_ the following states in BR1 observe DST: Rio Grande do Sul (RS), -->
<!-- Santa Catarina (SC), Parana (PR), Sao Paulo (SP), Rio de Janeiro (RJ), -->
<!-- Espirito Santo (ES), Minas Gerais (MG), Bahia (BA), Goias (GO), -->
<!-- Distrito Federal (DF), Tocantins (TO), Sergipe [SE] and Alagoas [AL]. -->
<!-- [The last three states are new to this issue of the IATA SSIM.] -->

<!-- From Gwillim Law (1996-10-07): -->
<!-- Geography, history (Tocantins was part of Goias until 1989), and other -->
<!-- sources of time zone information lead me to believe that AL, SE, and TO were -->
<!-- always in BR1, and so the only change was whether or not they observed DST.... -->
<!-- The earliest issue of the SSIM I have is 2/91.  Each issue from then until -->
<!-- 9/95 says that DST is observed only in the ten states I quoted from 9/95, -->
<!-- along with Mato Grosso (MT) and Mato Grosso do Sul (MS), which are in BR2 -->
<!-- (UTC-4)....  The other two time zones given for Brazil are BR3, which is -->
<!-- UTC-5, no DST, and applies only in the state of Acre (AC); and BR4, which is -->
<!-- UTC-2, and applies to Fernando de Noronha (formerly FN, but I believe it's -->
<!-- become part of the state of Pernambuco).  The boundary between BR1 and BR2 -->
<!-- has never been clearly stated.  They've simply been called East and West. -->
<!-- However, some conclusions can be drawn from another IATA manual: the Airline -->
<!-- Coding Directory, which lists close to 400 airports in Brazil.  For each -->
<!-- airport it gives a time zone which is coded to the SSIM.  From that -->
<!-- information, I'm led to conclude that the states of Amapa (AP), Ceara (CE), -->
<!-- Maranhao (MA), Paraiba (PR), Pernambuco (PE), Piaui (PI), and Rio Grande do -->
<!-- Norte (RN), and the eastern part of Para (PA) are all in BR1 without DST. -->

<!-- From Marcos Tadeu (1998-09-27): -->
<!-- <a href="http://pcdsh01.on.br/verao1.html"> -->
<!-- Brazilian official page -->
<!-- </a> -->

<!-- From Jesper Norgaard (2000-11-03): -->
<!-- [For an official list of which regions in Brazil use which time zones, see:] -->
<!-- http://pcdsh01.on.br/Fusbr.htm -->
<!-- http://pcdsh01.on.br/Fusbrhv.htm -->

<!-- From Paul Eggert (2000-10-02): -->
<!-- The official decrees referenced below are taken from -->
<!-- <a href="http://pcdsh01.on.br/DecHV.html"> -->
<!-- Decretos sobre o Horario de Verao no Brasil -->
<!-- </a> (1999-10-04, in Portuguese). -->
<!-- The official site for all decrees, including those not related to time, is -->
<!-- <a href="http://www.presidencia.gov.br/CCIVIL/decreto/principal_ano.htm"> -->
<!-- Presidencia da Republica, Subchefia para Assuntos Juridicos, Decretos -->
<!-- </a> (in Portuguese). -->

<!-- Rule	NAME	FROM	TO	TYPE	IN	ON	AT	SAVE	LETTER/S -->
<!-- Decree <a href="http://pcdsh01.on.br/HV20466.htm">20,466</a> (1931-10-01) -->
<!-- Decree <a href="http://pcdsh01.on.br/HV21896.htm">21,896</a> (1932-01-10) -->
	<rule name='Brazil' loyear='1931' hiyear='only' month='Oct' day='3' tod='11:00' stdoff='1:00' abbrvar='S'/>
	<rule name='Brazil' loyear='1932' hiyear='1933' month='Apr' day='1' tod='0:00' stdoff='0'/>
	<rule name='Brazil' loyear='1932' hiyear='only' month='Oct' day='3' tod='0:00' stdoff='1:00' abbrvar='S'/>
<!-- Decree <a href="http://pcdsh01.on.br/HV23195.htm">23,195</a> (1933-10-10) -->
<!-- revoked DST. -->
<!-- Decree <a href="http://pcdsh01.on.br/HV27496.htm">27,496</a> (1949-11-24) -->
<!-- Decree <a href="http://pcdsh01.on.br/HV27998.htm">27,998</a> (1950-04-13) -->
	<rule name='Brazil' loyear='1949' hiyear='1952' month='Dec' day='1' tod='0:00' stdoff='1:00' abbrvar='S'/>
	<rule name='Brazil' loyear='1950' hiyear='only' month='Apr' day='16' tod='1:00' stdoff='0'/>
	<rule name='Brazil' loyear='1951' hiyear='1952' month='Apr' day='1' tod='0:00' stdoff='0'/>
<!-- Decree <a href="http://pcdsh01.on.br/HV32308.htm">32,308</a> (1953-02-24) -->
	<rule name='Brazil' loyear='1953' hiyear='only' month='Mar' day='1' tod='0:00' stdoff='0'/>
<!-- Decree <a href="http://pcdsh01.on.br/HV34724.htm">34,724</a> (1953-11-30) -->
<!-- revoked DST. -->
<!-- Decree <a href="http://pcdsh01.on.br/HV52700.htm">52,700</a> (1963-10-18) -->
<!-- established DST from 1963-10-23 00:00 to 1964-02-29 00:00 -->
<!-- in SP, RJ, GB, MG, ES, due to the prolongation of the drought. -->
<!-- Decree <a href="http://pcdsh01.on.br/HV53071.htm">53,071</a> (1963-12-03) -->
<!-- extended the above decree to all of the national territory on 12-09. -->
	<rule name='Brazil' loyear='1963' hiyear='only' month='Dec' day='9' tod='0:00' stdoff='1:00' abbrvar='S'/>
<!-- Decree <a href="http://pcdsh01.on.br/HV53604.htm">53,604</a> (1964-02-25) -->
<!-- extended summer time by one day to 1964-03-01 00:00 (start of school). -->
	<rule name='Brazil' loyear='1964' hiyear='only' month='Mar' day='1' tod='0:00' stdoff='0'/>
<!-- Decree <a href="http://pcdsh01.on.br/HV55639.htm">55,639</a> (1965-01-27) -->
	<rule name='Brazil' loyear='1965' hiyear='only' month='Jan' day='31' tod='0:00' stdoff='1:00' abbrvar='S'/>
	<rule name='Brazil' loyear='1965' hiyear='only' month='Mar' day='31' tod='0:00' stdoff='0'/>
<!-- Decree <a href="http://pcdsh01.on.br/HV57303.htm">57,303</a> (1965-11-22) -->
	<rule name='Brazil' loyear='1965' hiyear='only' month='Dec' day='1' tod='0:00' stdoff='1:00' abbrvar='S'/>
<!-- Decree <a href="http://pcdsh01.on.br/HV57843.htm">57,843</a> (1966-02-18) -->
	<rule name='Brazil' loyear='1966' hiyear='1968' month='Mar' day='1' tod='0:00' stdoff='0'/>
	<rule name='Brazil' loyear='1966' hiyear='1967' month='Nov' day='1' tod='0:00' stdoff='1:00' abbrvar='S'/>
<!-- Decree <a href="http://pcdsh01.on.br/HV63429.htm">63,429</a> (1968-10-15) -->
<!-- revoked DST. -->
<!-- Decree <a href="http://pcdsh01.on.br/HV91698.htm">91,698</a> (1985-09-27) -->
	<rule name='Brazil' loyear='1985' hiyear='only' month='Nov' day='2' tod='0:00' stdoff='1:00' abbrvar='S'/>
<!-- Decree 92,310 (1986-01-21) -->
<!-- Decree 92,463 (1986-03-13) -->
	<rule name='Brazil' loyear='1986' hiyear='only' month='Mar' day='15' tod='0:00' stdoff='0'/>
<!-- Decree 93,316 (1986-10-01) -->
	<rule name='Brazil' loyear='1986' hiyear='only' month='Oct' day='25' tod='0:00' stdoff='1:00' abbrvar='S'/>
	<rule name='Brazil' loyear='1987' hiyear='only' month='Feb' day='14' tod='0:00' stdoff='0'/>
<!-- Decree <a href="http://pcdsh01.on.br/HV94922.htm">94,922</a> (1987-09-22) -->
	<rule name='Brazil' loyear='1987' hiyear='only' month='Oct' day='25' tod='0:00' stdoff='1:00' abbrvar='S'/>
	<rule name='Brazil' loyear='1988' hiyear='only' month='Feb' day='7' tod='0:00' stdoff='0'/>
<!-- Decree <a href="http://pcdsh01.on.br/HV96676.htm">96,676</a> (1988-09-12) -->
<!-- except for the states of AC, AM, PA, RR, RO, and AP (then a territory) -->
	<rule name='Brazil' loyear='1988' hiyear='only' month='Oct' day='16' tod='0:00' stdoff='1:00' abbrvar='S'/>
	<rule name='Brazil' loyear='1989' hiyear='only' month='Jan' day='29' tod='0:00' stdoff='0'/>
<!-- Decree <a href="http://pcdsh01.on.br/HV98077.htm">98,077</a> (1989-08-21) -->
<!-- with the same exceptions -->
	<rule name='Brazil' loyear='1989' hiyear='only' month='Oct' day='15' tod='0:00' stdoff='1:00' abbrvar='S'/>
	<rule name='Brazil' loyear='1990' hiyear='only' month='Feb' day='11' tod='0:00' stdoff='0'/>
<!-- Decree <a href="http://pcdsh01.on.br/HV99530.htm">99,530</a> (1990-09-17) -->
<!-- adopted by RS, SC, PR, SP, RJ, ES, MG, GO, MS, DF. -->
<!-- Decree 99,629 (1990-10-19) adds BA, MT. -->
	<rule name='Brazil' loyear='1990' hiyear='only' month='Oct' day='21' tod='0:00' stdoff='1:00' abbrvar='S'/>
	<rule name='Brazil' loyear='1991' hiyear='only' month='Feb' day='17' tod='0:00' stdoff='0'/>
<!-- <a href="http://pcdsh01.on.br/HV1991.htm">Unnumbered decree</a> (1991-09-25) -->
<!-- adopted by RS, SC, PR, SP, RJ, ES, MG, BA, GO, MT, MS, DF. -->
	<rule name='Brazil' loyear='1991' hiyear='only' month='Oct' day='20' tod='0:00' stdoff='1:00' abbrvar='S'/>
	<rule name='Brazil' loyear='1992' hiyear='only' month='Feb' day='9' tod='0:00' stdoff='0'/>
<!-- <a href="http://pcdsh01.on.br/HV1992.htm">Unnumbered decree</a> (1992-10-16) -->
<!-- adopted by same states. -->
	<rule name='Brazil' loyear='1992' hiyear='only' month='Oct' day='25' tod='0:00' stdoff='1:00' abbrvar='S'/>
	<rule name='Brazil' loyear='1993' hiyear='only' month='Jan' day='31' tod='0:00' stdoff='0'/>
<!-- Decree <a href="http://pcdsh01.on.br/HV942.htm">942</a> (1993-09-28) -->
<!-- adopted by same states, plus AM. -->
<!-- Decree <a href="http://pcdsh01.on.br/HV1252.htm">1,252</a> (1994-09-22) -->
<!-- adopted by same states, minus AM. -->
<!-- Decree <a href="http://pcdsh01.on.br/HV1636.htm">1,636</a> (1995-09-14) -->
<!-- adopted by same states, plus TO. -->
<!-- Decree <a href="http://pcdsh01.on.br/HV1674.htm">1,674</a> (1995-10-13) -->
<!-- adds AL, SE. -->
	<rule name='Brazil' loyear='1993' hiyear='1995' month='Oct' day='Sun&gt;=11' tod='0:00' stdoff='1:00' abbrvar='S'/>
	<rule name='Brazil' loyear='1994' hiyear='1995' month='Feb' day='Sun&gt;=15' tod='0:00' stdoff='0'/>
	<rule name='Brazil' loyear='1996' hiyear='only' month='Feb' day='11' tod='0:00' stdoff='0'/>
<!-- Decree <a href="http://pcdsh01.on.br/HV2000.htm">2,000</a> (1996-09-04) -->
<!-- adopted by same states, minus AL, SE. -->
	<rule name='Brazil' loyear='1996' hiyear='only' month='Oct' day='6' tod='0:00' stdoff='1:00' abbrvar='S'/>
	<rule name='Brazil' loyear='1997' hiyear='only' month='Feb' day='16' tod='0:00' stdoff='0'/>
<!-- From Daniel C. Sobral <dcs@gns.com.br> (1998-02-12): -->
<!-- In 1997, the DS began on October 6. The stated reason was that -->
<!-- because international television networks ignored Brazil's policy on DS, -->
<!-- they bought the wrong times on satellite for coverage of Pope's visit. -->
<!-- This year, the ending date of DS was postponed to March 1 -->
<!-- to help dealing with the shortages of electric power. -->

<!-- From Paul Eggert (1998-02-25): -->
<!-- <a href="http://churchnet.ucsm.ac.uk/news/files2/news165.htm"> -->
<!-- Brazil Prepares for Papal Visit -->
<!-- </a>, -->
<!-- Church Net UK (1997-10-02). -->

<!-- Decree 2,317 (1997-09-04), adopted by same states. -->
	<rule name='Brazil' loyear='1997' hiyear='only' month='Oct' day='6' tod='0:00' stdoff='1:00' abbrvar='S'/>
<!-- Decree <a href="http://pcdsh01.on.br/figuras/HV2495.JPG">2,495</a> -->
<!-- (1998-02-10) -->
	<rule name='Brazil' loyear='1998' hiyear='only' month='Mar' day='1' tod='0:00' stdoff='0'/>
<!-- Decree <a href="http://pcdsh01.on.br/figuras/Hv98.jpg">2,780</a> (1998-09-11) -->
<!-- adopted by the same states as before. -->
	<rule name='Brazil' loyear='1998' hiyear='only' month='Oct' day='11' tod='0:00' stdoff='1:00' abbrvar='S'/>
	<rule name='Brazil' loyear='1999' hiyear='only' month='Feb' day='21' tod='0:00' stdoff='0'/>
<!-- Decree <a href="http://pcdsh01.on.br/figuras/HV3150.gif">3,150</a> -->
<!-- (1999-08-23) adopted by same states. -->
<!-- Decree <a href="http://pcdsh01.on.br/DecHV99.gif">3,188</a> (1999-09-30) -->
<!-- adds SE, AL, PB, PE, RN, CE, PI, MA and RR. -->
	<rule name='Brazil' loyear='1999' hiyear='only' month='Oct' day='3' tod='0:00' stdoff='1:00' abbrvar='S'/>
	<rule name='Brazil' loyear='2000' hiyear='only' month='Feb' day='27' tod='0:00' stdoff='0'/>
<!-- Decree <a href="http://pcdsh01.on.br/DEC3592.htm">3,592</a> (2000-09-06) -->
<!-- adopted by the same states as before. -->
<!-- Decree <a href="http://pcdsh01.on.br/Dec3630.jpg">3,630</a> (2000-10-13) -->
<!-- repeals DST in PE and RR, effective 2000-10-15 00:00. -->
<!-- Decree <a href="http://pcdsh01.on.br/Dec3632.jpg">3,632</a> (2000-10-17) -->
<!-- repeals DST in SE, AL, PB, RN, CE, PI and MA, effective 2000-10-22 00:00. -->

<!-- These give only one year's rules.  After that, the rules are guesses -->
<!-- and are quite possibly wrong, but are more likely than no DST at all. -->
	<rule name='Brazil' loyear='2000' hiyear='max' month='Oct' day='Sun&gt;=8' tod='0:00' stdoff='1:00' abbrvar='S'/>
	<rule name='Brazil' loyear='2001' hiyear='max' month='Feb' day='Sun&gt;=15' tod='0:00' stdoff='0'/>


<!-- Zone	NAME		GMTOFF	RULES	FORMAT	[UNTIL] -->

<!-- Atlantic islands: Fernando de Noronha, Trindade, Martin Vaz, -->
<!-- Atol das Rocas, and Penedos de Sao Pedro e Sao Paulo -->
	<zone name='America/Noronha' gmtoff='-2:09:40' format='LMT' tilyear='1914'>
		<zcont gmtoff='-2:00' rule='Brazil' format='FN%sT' tilyear='1990' tilmonth='Sep' tilday='17'/>
		<zcont gmtoff='-2:00' format='FNT'/>
	</zone>

<!-- Amapa (AP), east Para (PA) -->
<!-- East Para includes Belem, Maraba, Serra Norte, and Sao Felix do Xingu. -->
	<zone name='America/Belem' gmtoff='-3:13:56' format='LMT' tilyear='1914'>
		<zcont gmtoff='-3:00' rule='Brazil' format='BR%sT' tilyear='1988' tilmonth='Sep' tilday='12'/>
		<zcont gmtoff='-3:00' format='BRT'/>
	</zone>

<!-- Maranhao (MA), Piaui (PI), Ceara (CE), Rio Grande do Norte (RN), -->
<!-- Paraiba (PB) -->
	<zone name='America/Fortaleza' gmtoff='-2:34:00' format='LMT' tilyear='1914'>
		<zcont gmtoff='-3:00' rule='Brazil' format='BR%sT' tilyear='1990' tilmonth='Sep' tilday='17'/>
		<zcont gmtoff='-3:00' format='BRT' tilyear='1999' tilmonth='Sep' tilday='30'/>
		<zcont gmtoff='-3:00' rule='Brazil' format='BR%sT' tilyear='2000' tilmonth='Oct' tilday='22'/>
		<zcont gmtoff='-3:00' format='BRT'/>
	</zone>

<!-- Pernambuco (PE) (except Atlantic islands) -->
	<zone name='America/Recife' gmtoff='-2:19:36' format='LMT' tilyear='1914'>
		<zcont gmtoff='-3:00' rule='Brazil' format='BR%sT' tilyear='1990' tilmonth='Sep' tilday='17'/>
		<zcont gmtoff='-3:00' format='BRT' tilyear='1999' tilmonth='Sep' tilday='30'/>
		<zcont gmtoff='-3:00' rule='Brazil' format='BR%sT' tilyear='2000' tilmonth='Oct' tilday='15'/>
		<zcont gmtoff='-3:00' format='BRT'/>
	</zone>

<!-- Tocantins (TO) -->
	<zone name='America/Araguaina' gmtoff='-3:12:48' format='LMT' tilyear='1914'>
		<zcont gmtoff='-3:00' rule='Brazil' format='BR%sT' tilyear='1990' tilmonth='Sep' tilday='17'/>
		<zcont gmtoff='-3:00' format='BRT' tilyear='1995' tilmonth='Sep' tilday='14'/>
		<zcont gmtoff='-3:00' rule='Brazil' format='BR%sT'/>
	</zone>

<!-- Alagoas (AL), Sergipe (SE) -->
	<zone name='America/Maceio' gmtoff='-2:22:52' format='LMT' tilyear='1914'>
		<zcont gmtoff='-3:00' rule='Brazil' format='BR%sT' tilyear='1990' tilmonth='Sep' tilday='17'/>
		<zcont gmtoff='-3:00' format='BRT' tilyear='1995' tilmonth='Oct' tilday='13'/>
		<zcont gmtoff='-3:00' rule='Brazil' format='BR%sT' tilyear='1996' tilmonth='Sep' tilday='4'/>
		<zcont gmtoff='-3:00' format='BRT' tilyear='1999' tilmonth='Sep' tilday='30'/>
		<zcont gmtoff='-3:00' rule='Brazil' format='BR%sT' tilyear='2000' tilmonth='Oct' tilday='22'/>
		<zcont gmtoff='-3:00' format='BRT'/>
	</zone>

<!-- Bahia (BA), Goias (GO), Distrito Federal (DF), Minas Gerais (MG), -->
<!-- Espirito Santo (ES), Rio de Janeiro (RJ), Sao Paulo (SP), Parana (PR), -->
<!-- Santa Catarina (SC), Rio Grande do Sul (RS) -->
	<zone name='America/Sao_Paulo' gmtoff='-3:06:28' format='LMT' tilyear='1914'>
		<zcont gmtoff='-3:00' rule='Brazil' format='BR%sT' tilyear='1963' tilmonth='Oct' tilday='23' tiltime='00:00'/>
		<zcont gmtoff='-3:00' rule='1:00' format='BRST' tilyear='1964'/>
		<zcont gmtoff='-3:00' rule='Brazil' format='BR%sT'/>
	</zone>

<!-- Mato Grosso, Mato Grosso do Sul -->
	<zone name='America/Cuiaba' gmtoff='-3:44:20' format='LMT' tilyear='1914'>
		<zcont gmtoff='-4:00' rule='Brazil' format='AM%sT'/>
	</zone>

<!-- west Para (PA), Rondonia (RO) -->
<!-- West Para includes Altamira, Oribidos, Prainha, Oriximina, and Santarem. -->
	<zone name='America/Porto_Velho' gmtoff='-4:15:36' format='LMT' tilyear='1914'>
		<zcont gmtoff='-4:00' rule='Brazil' format='AM%sT' tilyear='1988' tilmonth='Sep' tilday='12'/>
		<zcont gmtoff='-4:00' format='AMT'/>
	</zone>

<!-- Roraima (RR) -->
	<zone name='America/Boa_Vista' gmtoff='-4:02:40' format='LMT' tilyear='1914'>
		<zcont gmtoff='-4:00' rule='Brazil' format='AM%sT' tilyear='1988' tilmonth='Sep' tilday='12'/>
		<zcont gmtoff='-4:00' format='AMT' tilyear='1999' tilmonth='Sep' tilday='30'/>
		<zcont gmtoff='-4:00' rule='Brazil' format='AM%sT' tilyear='2000' tilmonth='Oct' tilday='15'/>
		<zcont gmtoff='-4:00' format='AMT'/>
	</zone>

<!-- east Amazonas (AM): Boca do Acre, Jutai, Manaus, Floriano Peixoto -->
	<zone name='America/Manaus' gmtoff='-4:00:04' format='LMT' tilyear='1914'>
		<zcont gmtoff='-4:00' rule='Brazil' format='AM%sT' tilyear='1988' tilmonth='Sep' tilday='12'/>
		<zcont gmtoff='-4:00' format='AMT' tilyear='1993' tilmonth='Sep' tilday='28'/>
		<zcont gmtoff='-4:00' rule='Brazil' format='AM%sT' tilyear='1994' tilmonth='Sep' tilday='22'/>
		<zcont gmtoff='-4:00' format='AMT'/>
	</zone>

<!-- west Amazonas (AM): Atalaia do Norte, Boca do Maoco, Benjamin Constant, -->
<!-- Eirunepe, Envira, Ipixuna -->
	<zone name='America/Eirunepe' gmtoff='-4:39:28' format='LMT' tilyear='1914'>
		<zcont gmtoff='-5:00' rule='Brazil' format='AC%sT' tilyear='1988' tilmonth='Sep' tilday='12'/>
		<zcont gmtoff='-5:00' format='ACT' tilyear='1993' tilmonth='Sep' tilday='28'/>
		<zcont gmtoff='-5:00' rule='Brazil' format='AC%sT' tilyear='1994' tilmonth='Sep' tilday='22'/>
		<zcont gmtoff='-5:00' format='ACT'/>
	</zone>

<!-- Acre (AC) -->
<!-- Rio_Branco is too ambiguous, since there's a Rio Branco in Uruguay too. -->
	<zone name='America/Porto_Acre' gmtoff='-4:31:12' format='LMT' tilyear='1914'>
		<zcont gmtoff='-5:00' rule='Brazil' format='AC%sT' tilyear='1988' tilmonth='Sep' tilday='12'/>
		<zcont gmtoff='-5:00' format='ACT'/>
	</zone>


<!-- Chile -->

<!-- From Eduardo Krell (1995-10-19): -->
<!-- The law says to switch to DST at midnight [24:00] on the second SATURDAY -->
<!-- of October....  The law is the same for March and October. -->
<!-- (1998-09-29): -->
<!-- Because of the drought this year, the government decided to go into -->
<!-- DST earlier (saturday 9/26 at 24:00). This is a one-time change only ... -->
<!-- (unless there's another dry season next year, I guess). -->

<!-- From Julio I. Pacheco Troncoso (1999-03-18): -->
<!-- Because of the same drought, the government decided to end DST later, -->
<!-- on April 3, (one-time change). -->

<!-- Rule	NAME	FROM	TO	TYPE	IN	ON	AT	SAVE	LETTER/S -->
	<rule name='Chile' loyear='1918' hiyear='only' month='Sep' day='1' tod='0:00' stdoff='1:00' abbrvar='S'/>
	<rule name='Chile' loyear='1919' hiyear='only' month='Jul' day='2' tod='0:00' stdoff='0'/>
	<rule name='Chile' loyear='1927' hiyear='1931' month='Sep' day='1' tod='0:00' stdoff='1:00' abbrvar='S'/>
	<rule name='Chile' loyear='1928' hiyear='1932' month='Apr' day='1' tod='0:00' stdoff='0'/>
	<rule name='Chile' loyear='1969' hiyear='1997' month='Oct' day='Sun&gt;=9' tod='0:00' stdoff='1:00' abbrvar='S'/>
	<rule name='Chile' loyear='1970' hiyear='1998' month='Mar' day='Sun&gt;=9' tod='0:00' stdoff='0'/>
	<rule name='Chile' loyear='1998' hiyear='only' month='Sep' day='27' tod='0:00' stdoff='1:00' abbrvar='S'/>
	<rule name='Chile' loyear='1999' hiyear='only' month='Apr' day='4' tod='0:00' stdoff='0'/>
	<rule name='Chile' loyear='1999' hiyear='max' month='Oct' day='Sun&gt;=9' tod='0:00' stdoff='1:00' abbrvar='S'/>
	<rule name='Chile' loyear='2000' hiyear='max' month='Mar' day='Sun&gt;=9' tod='0:00' stdoff='0'/>
<!-- IATA SSIM anomalies: (1990-09) says 1990-09-16; (1992-02) says 1992-03-14; -->
<!-- (1996-09) says 1998-03-08.  Ignore these. -->
<!-- Zone	NAME		GMTOFF	RULES	FORMAT	[UNTIL] -->
	<zone name='America/Santiago' gmtoff='-4:42:40' format='LMT' tilyear='1890'>
		<!-- Santiago Mean Time -->
		<zcont gmtoff='-4:42:40' format='SMT' tilyear='1910'/>
		<!-- Chile Time -->
		<zcont gmtoff='-5:00' rule='Chile' format='CL%sT' tilyear='1932' tilmonth='Sep'/>
		<zcont gmtoff='-4:00' rule='Chile' format='CL%sT'/>
	</zone>
	<!-- Mataveri -->
	<zone name='Pacific/Easter' gmtoff='-7:17:28' format='LMT' tilyear='1890'>
		<!-- Mataveri Mean Time -->
		<zcont gmtoff='-7:17:28' format='MMT' tilyear='1932' tilmonth='Sep'/>
		<!-- Easter I Time -->
		<zcont gmtoff='-7:00' rule='Chile' format='EAS%sT' tilyear='1982' tilmonth='Mar' tilday='14'/>
		<zcont gmtoff='-6:00' rule='Chile' format='EAS%sT'/>
	</zone>

<!-- Whitman says Juan Fernandez Is are like America/Santiago. -->
<!-- San Ambrosio, San Felix -->
<!-- no information; probably like America/Santiago -->


<!-- Colombia -->
<!-- Shanks specifies 24:00 for 1992 transition times; go with IATA, -->
<!-- as it seems implausible to change clocks at midnight New Year's Eve. -->
<!-- Rule	NAME	FROM	TO	TYPE	IN	ON	AT	SAVE	LETTER/S -->
	<rule name='CO' loyear='1992' hiyear='only' month='May' day='2' tod='0:00' stdoff='1:00' abbrvar='S'/>
	<rule name='CO' loyear='1992' hiyear='only' month='Dec' day='31' tod='0:00' stdoff='0'/>
<!-- Zone	NAME		GMTOFF	RULES	FORMAT	[UNTIL] -->
	<zone name='America/Bogota' gmtoff='-4:56:20' format='LMT' tilyear='1884' tilmonth='Mar' tilday='13'>
		<!-- Bogota Mean Time -->
		<zcont gmtoff='-4:56:20' format='BMT' tilyear='1914' tilmonth='Nov' tilday='23'/>
		<!-- Colombia Time -->
		<zcont gmtoff='-5:00' rule='CO' format='CO%sT'/>
	</zone>
<!-- Malpelo, Providencia, San Andres -->
<!-- no information; probably like America/Bogota -->

<!-- Curacao -->
<!-- Shanks says that Bottom and Oranjestad have been at -4:00 since -->
<!-- standard time was introduced on 1912-03-02; and that Kralendijk and Rincon -->
<!-- used Kralendijk Mean Time (-4:33:08) from 1912-02-02 to 1965-01-01. -->
<!-- This all predates our 1970 cutoff, though. -->
<!-- Zone	NAME		GMTOFF	RULES	FORMAT	[UNTIL] -->
	<!-- Willemstad -->
	<zone name='America/Curacao' gmtoff='-4:35:44' format='LMT' tilyear='1912' tilmonth='Feb' tilday='12'>
		<!-- Netherlands Antilles Time -->
		<zcont gmtoff='-4:30' format='ANT' tilyear='1965'/>
		<zcont gmtoff='-4:00' format='AST'/>
	</zone>

<!-- Ecuador -->
<!-- Zone	NAME		GMTOFF	RULES	FORMAT	[UNTIL] -->
	<zone name='America/Guayaquil' gmtoff='-5:19:20' format='LMT' tilyear='1890'>
		<!-- Quito Mean Time -->
		<zcont gmtoff='-5:14:00' format='QMT' tilyear='1931'/>
		<!-- Ecuador Time -->
		<zcont gmtoff='-5:00' format='ECT'/>
	</zone>
	<!-- Puerto Baquerizo Moreno -->
	<zone name='Pacific/Galapagos' gmtoff='-5:58:24' format='LMT' tilyear='1931'>
		<zcont gmtoff='-5:00' format='ECT' tilyear='1986'/>
		<!-- Galapagos Time -->
		<zcont gmtoff='-6:00' format='GALT'/>
	</zone>

<!-- Falklands -->
<!-- Rule	NAME	FROM	TO	TYPE	IN	ON	AT	SAVE	LETTER/S -->
	<rule name='Falk' loyear='1937' hiyear='1938' month='Sep' day='lastSun' tod='0:00' stdoff='1:00' abbrvar='S'/>
	<rule name='Falk' loyear='1938' hiyear='1942' month='Mar' day='Sun&gt;=19' tod='0:00' stdoff='0'/>
	<rule name='Falk' loyear='1939' hiyear='only' month='Oct' day='1' tod='0:00' stdoff='1:00' abbrvar='S'/>
	<rule name='Falk' loyear='1940' hiyear='1942' month='Sep' day='lastSun' tod='0:00' stdoff='1:00' abbrvar='S'/>
	<rule name='Falk' loyear='1943' hiyear='only' month='Jan' day='1' tod='0:00' stdoff='0'/>
	<rule name='Falk' loyear='1983' hiyear='only' month='Sep' day='lastSun' tod='0:00' stdoff='1:00' abbrvar='S'/>
	<rule name='Falk' loyear='1984' hiyear='1985' month='Apr' day='lastSun' tod='0:00' stdoff='0'/>
	<rule name='Falk' loyear='1984' hiyear='only' month='Sep' day='16' tod='0:00' stdoff='1:00' abbrvar='S'/>
	<rule name='Falk' loyear='1985' hiyear='1995' month='Sep' day='Sun&gt;=9' tod='0:00' stdoff='1:00' abbrvar='S'/>
	<rule name='Falk' loyear='1986' hiyear='max' month='Apr' day='Sun&gt;=16' tod='0:00' stdoff='0'/>
	<rule name='Falk' loyear='1996' hiyear='max' month='Sep' day='Sun&gt;=8' tod='0:00' stdoff='1:00' abbrvar='S'/>
<!-- Zone	NAME		GMTOFF	RULES	FORMAT	[UNTIL] -->
	<zone name='Atlantic/Stanley' gmtoff='-3:51:24' format='LMT' tilyear='1890'>
		<!-- Stanley Mean Time -->
		<zcont gmtoff='-3:51:24' format='SMT' tilyear='1912' tilmonth='Mar' tilday='12'/>
		<!-- Falkland Is Time -->
		<zcont gmtoff='-4:00' rule='Falk' format='FK%sT' tilyear='1983' tilmonth='May'/>
		<zcont gmtoff='-3:00' rule='Falk' format='FK%sT' tilyear='1985' tilmonth='Sep' tilday='15'/>
		<zcont gmtoff='-4:00' rule='Falk' format='FK%sT'/>
	</zone>

<!-- French Guiana -->
<!-- Zone	NAME		GMTOFF	RULES	FORMAT	[UNTIL] -->
	<zone name='America/Cayenne' gmtoff='-3:29:20' format='LMT' tilyear='1911' tilmonth='Jul'>
		<!-- French Guiana Time -->
		<zcont gmtoff='-4:00' format='GFT' tilyear='1967' tilmonth='Oct'/>
		<zcont gmtoff='-3:00' format='GFT'/>
	</zone>

<!-- Guyana -->
<!-- Zone	NAME		GMTOFF	RULES	FORMAT	[UNTIL] -->
	<!-- Georgetown -->
	<zone name='America/Guyana' gmtoff='-3:52:40' format='LMT' tilyear='1915' tilmonth='Mar'>
		<!-- Br Guiana Time -->
		<zcont gmtoff='-3:45' format='GBGT' tilyear='1966' tilmonth='May' tilday='26'/>
		<!-- Guyana Time -->
		<zcont gmtoff='-3:45' format='GYT' tilyear='1975' tilmonth='Jul' tilday='31'/>
		<zcont gmtoff='-3:00' format='GYT' tilyear='1991'/>
	<!-- IATA SSIM (1996-06) says -4:00.  Assume a 1991 switch. -->
		<zcont gmtoff='-4:00' format='GYT'/>
	</zone>

<!-- Paraguay -->
<!-- From Paul Eggert (1999-10-29): -->
<!-- Shanks (1999) says that spring transitions are from 01:00 -> 02:00, -->
<!-- and autumn transitions are from 00:00 -> 23:00.  Go with earlier -->
<!-- editions of Shanks, and with the IATA, who say transitions occur at 00:00. -->
<!-- Rule	NAME	FROM	TO	TYPE	IN	ON	AT	SAVE	LETTER/S -->
	<rule name='Para' loyear='1975' hiyear='1988' month='Oct' day='1' tod='0:00' stdoff='1:00' abbrvar='S'/>
	<rule name='Para' loyear='1975' hiyear='1978' month='Mar' day='1' tod='0:00' stdoff='0'/>
	<rule name='Para' loyear='1979' hiyear='1991' month='Apr' day='1' tod='0:00' stdoff='0'/>
	<rule name='Para' loyear='1989' hiyear='only' month='Oct' day='22' tod='0:00' stdoff='1:00' abbrvar='S'/>
	<rule name='Para' loyear='1990' hiyear='only' month='Oct' day='1' tod='0:00' stdoff='1:00' abbrvar='S'/>
	<rule name='Para' loyear='1991' hiyear='only' month='Oct' day='6' tod='0:00' stdoff='1:00' abbrvar='S'/>
	<rule name='Para' loyear='1992' hiyear='only' month='Mar' day='1' tod='0:00' stdoff='0'/>
	<rule name='Para' loyear='1992' hiyear='only' month='Oct' day='5' tod='0:00' stdoff='1:00' abbrvar='S'/>
	<rule name='Para' loyear='1993' hiyear='only' month='Mar' day='31' tod='0:00' stdoff='0'/>
	<rule name='Para' loyear='1993' hiyear='1995' month='Oct' day='1' tod='0:00' stdoff='1:00' abbrvar='S'/>
	<rule name='Para' loyear='1994' hiyear='1995' month='Feb' day='lastSun' tod='0:00' stdoff='0'/>
	<rule name='Para' loyear='1996' hiyear='only' month='Mar' day='1' tod='0:00' stdoff='0'/>
<!-- IATA SSIM (1997-09) says Mar 1; go with Shanks. -->
	<rule name='Para' loyear='1997' hiyear='only' month='Feb' day='lastSun' tod='0:00' stdoff='0'/>
	<rule name='Para' loyear='1998' hiyear='only' month='Mar' day='1' tod='0:00' stdoff='0'/>
	<rule name='Para' loyear='1996' hiyear='1998' month='Oct' day='Sun&gt;=1' tod='0:00' stdoff='1:00' abbrvar='S'/>
<!-- IATA SSIM (1999-02) says lastSat, not lastSun; (1999-09) reports no date; -->
<!-- go with Shanks. -->
	<rule name='Para' loyear='1999' hiyear='max' month='Feb' day='lastSun' tod='0:00' stdoff='0'/>
<!-- IATA SSIM (2000-02) says 1999-10-10. -->
	<rule name='Para' loyear='1999' hiyear='only' month='Oct' day='10' tod='0:00' stdoff='1:00' abbrvar='S'/>
<!-- From Steffen Thorsen (2000-10-02): -->
<!-- I have three independent reports that Paraguay changed to DST this Sunday -->
<!-- (10-01). -->
	<rule name='Para' loyear='2000' hiyear='max' month='Oct' day='Sun&gt;=1' tod='0:00' stdoff='1:00' abbrvar='S'/>
<!-- Zone	NAME		GMTOFF	RULES	FORMAT	[UNTIL] -->
	<zone name='America/Asuncion' gmtoff='-3:50:40' format='LMT' tilyear='1890'>
		<!-- Asuncion Mean Time -->
		<zcont gmtoff='-3:50:40' format='AMT' tilyear='1931' tilmonth='Oct' tilday='10'/>
		<!-- Paraguay Time -->
		<zcont gmtoff='-4:00' format='PYT' tilyear='1972' tilmonth='Oct'/>
		<zcont gmtoff='-3:00' format='PYT' tilyear='1974' tilmonth='Apr'/>
		<zcont gmtoff='-4:00' rule='Para' format='PY%sT'/>
	</zone>

<!-- Peru -->
<!-- Rule	NAME	FROM	TO	TYPE	IN	ON	AT	SAVE	LETTER/S -->
	<rule name='Peru' loyear='1938' hiyear='only' month='Jan' day='1' tod='0:00' stdoff='1:00' abbrvar='S'/>
	<rule name='Peru' loyear='1938' hiyear='only' month='Apr' day='1' tod='0:00' stdoff='0'/>
	<rule name='Peru' loyear='1938' hiyear='1939' month='Sep' day='lastSun' tod='0:00' stdoff='1:00' abbrvar='S'/>
	<rule name='Peru' loyear='1939' hiyear='1940' month='Mar' day='Sun&gt;=24' tod='0:00' stdoff='0'/>
	<rule name='Peru' loyear='1987' hiyear='only' month='Jan' day='1' tod='0:00' stdoff='1:00' abbrvar='S'/>
	<rule name='Peru' loyear='1987' hiyear='only' month='Apr' day='1' tod='0:00' stdoff='0'/>
	<rule name='Peru' loyear='1990' hiyear='only' month='Jan' day='1' tod='0:00' stdoff='1:00' abbrvar='S'/>
	<rule name='Peru' loyear='1990' hiyear='only' month='Apr' day='1' tod='0:00' stdoff='0'/>
<!-- IATA is ambiguous for 1993/1995; go with Shanks. -->
	<rule name='Peru' loyear='1994' hiyear='only' month='Jan' day='1' tod='0:00' stdoff='1:00' abbrvar='S'/>
	<rule name='Peru' loyear='1994' hiyear='only' month='Apr' day='1' tod='0:00' stdoff='0'/>
<!-- Zone	NAME		GMTOFF	RULES	FORMAT	[UNTIL] -->
	<zone name='America/Lima' gmtoff='-5:08:12' format='LMT' tilyear='1890'>
		<!-- Lima Mean Time -->
		<zcont gmtoff='-5:09' format='LMT' tilyear='1908' tilmonth='Jul' tilday='28'/>
		<!-- Peru Time -->
		<zcont gmtoff='-5:00' rule='Peru' format='PE%sT'/>
	</zone>

<!-- South Georgia -->
<!-- Zone	NAME		GMTOFF	RULES	FORMAT	[UNTIL] -->
	<!-- Grytviken -->
	<zone name='Atlantic/South_Georgia' gmtoff='-2:26:08' format='LMT' tilyear='1890'>
		<!-- South Georgia Time -->
		<zcont gmtoff='-2:00' format='GST'/>
	</zone>

<!-- South Sandwich Is -->
<!-- uninhabited; scientific personnel have wintered -->

<!-- Suriname -->
<!-- Zone	NAME		GMTOFF	RULES	FORMAT	[UNTIL] -->
	<zone name='America/Paramaribo' gmtoff='-3:40:40' format='LMT' tilyear='1911'>
		<!-- Paramaribo Mean Time -->
		<zcont gmtoff='-3:40:52' format='PMT' tilyear='1935'/>
		<!-- The capital moved? -->
		<zcont gmtoff='-3:40:36' format='PMT' tilyear='1945' tilmonth='Oct'/>
		<!-- Dutch Guiana Time -->
		<zcont gmtoff='-3:30' format='NEGT' tilyear='1975' tilmonth='Nov' tilday='20'/>
		<!-- Suriname Time -->
		<zcont gmtoff='-3:30' format='SRT' tilyear='1984' tilmonth='Oct'/>
		<zcont gmtoff='-3:00' format='SRT'/>
	</zone>

<!-- Trinidad and Tobago -->
<!-- Zone	NAME		GMTOFF	RULES	FORMAT	[UNTIL] -->
	<zone name='America/Port_of_Spain' gmtoff='-4:06:04' format='LMT' tilyear='1912' tilmonth='Mar' tilday='2'>
		<zcont gmtoff='-4:00' format='AST'/>
	</zone>

<!-- Uruguay -->
<!-- From Paul Eggert <eggert@twinsun.com> (1993-11-18): -->
<!-- Uruguay wins the prize for the strangest peacetime manipulation of the rules. -->
<!-- From Shanks: -->
<!-- Rule	NAME	FROM	TO	TYPE	IN	ON	AT	SAVE	LETTER/S -->
<!-- Whitman gives 1923 Oct 1; go with Shanks. -->
	<rule name='Uruguay' loyear='1923' hiyear='only' month='Oct' day='2' tod='0:00' stdoff='0:30' abbrvar='HS'/>
	<rule name='Uruguay' loyear='1924' hiyear='1926' month='Apr' day='1' tod='0:00' stdoff='0'/>
	<rule name='Uruguay' loyear='1924' hiyear='1925' month='Oct' day='1' tod='0:00' stdoff='0:30' abbrvar='HS'/>
	<rule name='Uruguay' loyear='1933' hiyear='1935' month='Oct' day='lastSun' tod='0:00' stdoff='0:30' abbrvar='HS'/>
<!-- Shanks gives 1935 Apr 1 0:00 and 1936 Mar 30 0:00; go with Whitman. -->
	<rule name='Uruguay' loyear='1934' hiyear='1936' month='Mar' day='Sat&gt;=25' tod='23:30s' stdoff='0'/>
	<rule name='Uruguay' loyear='1936' hiyear='only' month='Nov' day='1' tod='0:00' stdoff='0:30' abbrvar='HS'/>
	<rule name='Uruguay' loyear='1937' hiyear='1941' month='Mar' day='lastSun' tod='0:00' stdoff='0'/>
<!-- Whitman gives 1937 Oct 3; go with Shanks. -->
	<rule name='Uruguay' loyear='1937' hiyear='1940' month='Oct' day='lastSun' tod='0:00' stdoff='0:30' abbrvar='HS'/>
<!-- Whitman gives 1941 Oct 24 - 1942 Mar 27, 1942 Dec 14 - 1943 Apr 13, -->
<!-- and 1943 Apr 13 ``to present time''; go with Shanks. -->
	<rule name='Uruguay' loyear='1941' hiyear='only' month='Aug' day='1' tod='0:00' stdoff='0'/>
	<rule name='Uruguay' loyear='1942' hiyear='only' month='Jan' day='1' tod='0:00' stdoff='0:30' abbrvar='HS'/>
	<rule name='Uruguay' loyear='1942' hiyear='only' month='Dec' day='14' tod='0:00' stdoff='1:00' abbrvar='S'/>
	<rule name='Uruguay' loyear='1943' hiyear='only' month='Mar' day='14' tod='0:00' stdoff='0'/>
	<rule name='Uruguay' loyear='1959' hiyear='only' month='May' day='24' tod='0:00' stdoff='1:00' abbrvar='S'/>
	<rule name='Uruguay' loyear='1959' hiyear='only' month='Nov' day='15' tod='0:00' stdoff='0'/>
	<rule name='Uruguay' loyear='1960' hiyear='only' month='Jan' day='17' tod='0:00' stdoff='1:00' abbrvar='S'/>
	<rule name='Uruguay' loyear='1960' hiyear='only' month='Mar' day='6' tod='0:00' stdoff='0'/>
	<rule name='Uruguay' loyear='1965' hiyear='1967' month='Apr' day='Sun&gt;=1' tod='0:00' stdoff='1:00' abbrvar='S'/>
	<rule name='Uruguay' loyear='1965' hiyear='only' month='Sep' day='26' tod='0:00' stdoff='0'/>
	<rule name='Uruguay' loyear='1966' hiyear='1967' month='Oct' day='31' tod='0:00' stdoff='0'/>
	<rule name='Uruguay' loyear='1968' hiyear='1970' month='May' day='27' tod='0:00' stdoff='0:30' abbrvar='HS'/>
	<rule name='Uruguay' loyear='1968' hiyear='1970' month='Dec' day='2' tod='0:00' stdoff='0'/>
	<rule name='Uruguay' loyear='1972' hiyear='only' month='Apr' day='24' tod='0:00' stdoff='1:00' abbrvar='S'/>
	<rule name='Uruguay' loyear='1972' hiyear='only' month='Aug' day='15' tod='0:00' stdoff='0'/>
	<rule name='Uruguay' loyear='1974' hiyear='only' month='Mar' day='10' tod='0:00' stdoff='0:30' abbrvar='HS'/>
	<rule name='Uruguay' loyear='1974' hiyear='only' month='Dec' day='22' tod='0:00' stdoff='1:00' abbrvar='S'/>
	<rule name='Uruguay' loyear='1976' hiyear='only' month='Oct' day='1' tod='0:00' stdoff='0'/>
	<rule name='Uruguay' loyear='1977' hiyear='only' month='Dec' day='4' tod='0:00' stdoff='1:00' abbrvar='S'/>
	<rule name='Uruguay' loyear='1978' hiyear='only' month='Apr' day='1' tod='0:00' stdoff='0'/>
	<rule name='Uruguay' loyear='1979' hiyear='only' month='Oct' day='1' tod='0:00' stdoff='1:00' abbrvar='S'/>
	<rule name='Uruguay' loyear='1980' hiyear='only' month='May' day='1' tod='0:00' stdoff='0'/>
	<rule name='Uruguay' loyear='1987' hiyear='only' month='Dec' day='14' tod='0:00' stdoff='1:00' abbrvar='S'/>
	<rule name='Uruguay' loyear='1988' hiyear='only' month='Mar' day='14' tod='0:00' stdoff='0'/>
	<rule name='Uruguay' loyear='1988' hiyear='only' month='Dec' day='11' tod='0:00' stdoff='1:00' abbrvar='S'/>
	<rule name='Uruguay' loyear='1989' hiyear='only' month='Mar' day='12' tod='0:00' stdoff='0'/>
	<rule name='Uruguay' loyear='1989' hiyear='only' month='Oct' day='29' tod='0:00' stdoff='1:00' abbrvar='S'/>
<!-- Shanks says no DST was observed in 1990/1 and 1991/2, -->
<!-- and that 1992/3's DST was from 10-25 to 03-01.  Go with IATA. -->
	<rule name='Uruguay' loyear='1990' hiyear='1992' month='Mar' day='Sun&gt;=1' tod='0:00' stdoff='0'/>
	<rule name='Uruguay' loyear='1990' hiyear='1991' month='Oct' day='Sun&gt;=21' tod='0:00' stdoff='1:00' abbrvar='S'/>
	<rule name='Uruguay' loyear='1992' hiyear='only' month='Oct' day='18' tod='0:00' stdoff='1:00' abbrvar='S'/>
	<rule name='Uruguay' loyear='1993' hiyear='only' month='Feb' day='28' tod='0:00' stdoff='0'/>
<!-- Zone	NAME		GMTOFF	RULES	FORMAT	[UNTIL] -->
	<zone name='America/Montevideo' gmtoff='-3:44:44' format='LMT' tilyear='1898' tilmonth='Jun' tilday='28'>
		<!-- Montevideo MT -->
		<zcont gmtoff='-3:44:44' format='MMT' tilyear='1920' tilmonth='May' tilday='1'/>
		<!-- Uruguay Time -->
		<zcont gmtoff='-3:30' rule='Uruguay' format='UY%sT' tilyear='1942' tilmonth='Dec' tilday='14'/>
		<zcont gmtoff='-3:00' rule='Uruguay' format='UY%sT'/>
	</zone>

<!-- Venezuela -->
<!-- Zone	NAME		GMTOFF	RULES	FORMAT	[UNTIL] -->
	<zone name='America/Caracas' gmtoff='-4:27:44' format='LMT' tilyear='1890'>
		<!-- Caracas Mean Time -->
		<zcont gmtoff='-4:27:44' format='CMT' tilyear='1912' tilmonth='Feb' tilday='12'/>
		<!-- Venezuela Time -->
		<zcont gmtoff='-4:30' format='VET' tilyear='1965'/>
		<zcont gmtoff='-4:00' format='VET'/>
	</zone>

</tz>
