<tz>

<!-- @(#)systemv	7.2 -->

<!-- Old rules, should the need arise. -->
<!-- No attempt is made to handle Newfoundland, since it cannot be expressed -->
<!-- using the System V "TZ" scheme (half-hour offset), or anything outside -->
<!-- North America (no support for non-standard DST start/end dates), nor -->
<!-- the change in the DST rules in the US in 1987 (can't split between -->
<!-- Canada, with no changes, and the US) -->

<!-- Be sure to compile this *without* leap second correction for true conformance. -->

<!-- Rule	NAME	FROM	TO	TYPE	IN	ON	AT	SAVE	LETTER/S -->
	<rule name='SystemV' loyear='min' hiyear='1973' month='Apr' day='lastSun' tod='2:00' stdoff='1:00' abbrvar='D'/>
	<rule name='SystemV' loyear='min' hiyear='1973' month='Oct' day='lastSun' tod='2:00' stdoff='0' abbrvar='S'/>
	<rule name='SystemV' loyear='1974' hiyear='only' month='Jan' day='6' tod='2:00' stdoff='1:00' abbrvar='D'/>
	<rule name='SystemV' loyear='1974' hiyear='only' month='Nov' day='lastSun' tod='2:00' stdoff='0' abbrvar='S'/>
	<rule name='SystemV' loyear='1975' hiyear='only' month='Feb' day='23' tod='2:00' stdoff='1:00' abbrvar='D'/>
	<rule name='SystemV' loyear='1975' hiyear='only' month='Oct' day='lastSun' tod='2:00' stdoff='0' abbrvar='S'/>
	<rule name='SystemV' loyear='1976' hiyear='max' month='Apr' day='lastSun' tod='2:00' stdoff='1:00' abbrvar='D'/>
	<rule name='SystemV' loyear='1976' hiyear='max' month='Oct' day='lastSun' tod='2:00' stdoff='0' abbrvar='S'/>

<!-- Zone	NAME		GMTOFF	RULES/SAVE	FORMAT	[UNTIL] -->
	<zone name='SystemV/AST4ADT' gmtoff='-4:00' rule='SystemV' format='A%sT'/>
	<zone name='SystemV/EST5EDT' gmtoff='-5:00' rule='SystemV' format='E%sT'/>
	<zone name='SystemV/CST6CDT' gmtoff='-6:00' rule='SystemV' format='C%sT'/>
	<zone name='SystemV/MST7MDT' gmtoff='-7:00' rule='SystemV' format='M%sT'/>
	<zone name='SystemV/PST8PDT' gmtoff='-8:00' rule='SystemV' format='P%sT'/>
	<zone name='SystemV/YST9YDT' gmtoff='-9:00' rule='SystemV' format='Y%sT'/>
	<zone name='SystemV/AST4' gmtoff='-4:00' format='AST'/>
	<zone name='SystemV/EST5' gmtoff='-5:00' format='EST'/>
	<zone name='SystemV/CST6' gmtoff='-6:00' format='CST'/>
	<zone name='SystemV/MST7' gmtoff='-7:00' format='MST'/>
	<zone name='SystemV/PST8' gmtoff='-8:00' format='PST'/>
	<zone name='SystemV/YST9' gmtoff='-9:00' format='YST'/>
	<zone name='SystemV/HST10' gmtoff='-10:00' format='HST'/>

</tz>
