<typeSafeCollections>
    <typeSafeCollection>
        <templateKind>SortedList</templateKind>
        <keyType>System.String</keyType>
        <itemType>System.Int32</itemType>
        <collectionName>StringIntSortedList</collectionName>
        <collectionNamespace>MyCollections</collectionNamespace>
    </typeSafeCollection>
    <typeSafeCollection>
        <templateKind>SortedList</templateKind>
        <keyType>int</keyType>
        <itemType>string</itemType>
        <collectionName>IntStringSortedList</collectionName>
        <collectionNamespace>MyCollections</collectionNamespace>
    </typeSafeCollection>
</typeSafeCollections>