<typeSafeCollections>
    <typeSafeCollection>
        <templateKind>HashTable</templateKind>
        <keyType>string</keyType>
        <itemType>integer</itemType>
        <collectionName>StringIntHash</collectionName>
        <collectionNamespace>MyCollections</collectionNamespace>
    </typeSafeCollection>
    <typeSafeCollection>
        <templateKind>HashTable</templateKind>
        <keyType>string</keyType>
        <itemType>System.Drawing.Point</itemType>
        <collectionName>StringPointHash</collectionName>
        <collectionNamespace>MyCollections</collectionNamespace>
    </typeSafeCollection>
</typeSafeCollections>
