<typeSafeCollections>
    <typeSafeCollection>
        <templateKind>HashTable</templateKind>
        <keyType>string</keyType>
        <itemType>integer</itemType>
        <collectionName>MixedStringIntHash</collectionName>
        <collectionNamespace>MyCollections</collectionNamespace>
    </typeSafeCollection>
    <typeSafeCollection>
        <templateKind>HashTable</templateKind>
        <keyType>string</keyType>
        <itemType>System.Drawing.Point</itemType>
        <collectionName>MixedStringPointHash</collectionName>
        <collectionNamespace>MyCollections</collectionNamespace>
    </typeSafeCollection>
    <typeSafeCollection>
        <templateKind>SortedList</templateKind>
        <keyType>System.String</keyType>
        <itemType>System.Int32</itemType>
        <collectionName>MixedStringIntSortedList</collectionName>
        <collectionNamespace>MyCollections</collectionNamespace>
    </typeSafeCollection>
    <typeSafeCollection>
        <templateKind>SortedList</templateKind>
        <keyType>integer</keyType>
        <itemType>string</itemType>
        <collectionName>MixedIntStringSortedList</collectionName>
        <collectionNamespace>MyCollections</collectionNamespace>
    </typeSafeCollection>
    <typeSafeCollection>
        <templateKind>Vector</templateKind>
        <itemType>integer</itemType>
        <collectionName>MixedMyIntegerCollection</collectionName>
        <collectionNamespace>MyCollections</collectionNamespace>
    </typeSafeCollection>
    <typeSafeCollection>
        <templateKind>Vector</templateKind>
        <itemType>System.Drawing.Point</itemType>
        <collectionName>MixedPointCollection</collectionName>
        <collectionNamespace>MyCollections</collectionNamespace>
    </typeSafeCollection>
</typeSafeCollections>
