<typeSafeCollections>
    <typeSafeCollection>
        <templateKind>Vector</templateKind>
        <itemType>integer</itemType>
        <collectionName>MyIntegerCollection</collectionName>
        <collectionNamespace>MyCollections</collectionNamespace>
    </typeSafeCollection>
    <typeSafeCollection>
        <templateKind>Vector</templateKind>
        <itemType>System.Drawing.Point</itemType>
        <collectionName>PointCollection</collectionName>
        <collectionNamespace>MyCollections</collectionNamespace>
    </typeSafeCollection>
</typeSafeCollections>
