<?xml version="1.0" encoding="utf-8"?>
<ArrayOfWahooScore xmlns:xsd="http://www.w3.org/2001/XMLSchema" xmlns:xsi="http://www.w3.org/2001/XMLSchema-instance" xmlns="http://sellsbrothers.com/WahooScoresService/">
  <WahooScore>
    <Name>Don't ya just love insecure webservices?</Name>
    <Score>2147483647</Score>
  </WahooScore>
  <WahooScore>
    <Name>j00 4r3 H4x0r3d</Name>
    <Score>1900000000</Score>
  </WahooScore>
  <WahooScore>
    <Name>test</Name>
    <Score>444444444</Score>
  </WahooScore>
  <WahooScore>
    <Name>A. Einstein</Name>
    <Score>31415926</Score>
  </WahooScore>
  <WahooScore>
    <Name>csells</Name>
    <Score>3456000</Score>
  </WahooScore>
  <WahooScore>
    <Name>Johnson</Name>
    <Score>1239782</Score>
  </WahooScore>
  <WahooScore>
    <Name>Jay D</Name>
    <Score>999999</Score>
  </WahooScore>
  <WahooScore>
    <Name>Jay D</Name>
    <Score>999999</Score>
  </WahooScore>
  <WahooScore>
    <Name>Hello</Name>
    <Score>999999</Score>
  </WahooScore>
  <WahooScore>
    <Name>coucou</Name>
    <Score>300000</Score>
  </WahooScore>
</ArrayOfWahooScore>